,last,first,pos,num,GP,TOI,TOI_5v5,corsi_for_5v5/60,corsi_against_5v5/60,corsi_5v5/60,fenwick_for_5v5/60,fenwick_against_5v5/60,fenwick_5v5/60,5v5_block/60,g_block_5_5v5/60,b_block_5_5v5/60,g_block_10_5v5/60,b_block_10_5v5/60,g_block_5_ev/60,5v5_hits/60,g_hit_5_5v5/60,b_hit_5_5v5/60,g_hit_10_5v5/60,b_hit_10_5v5/60,5v5_goal/60,5v5_shot/60,5v5_give/60,5v5_take/60,b_hit_shot_5_5v5/60,5v5_give/60_scaled,b_hit_shot_5_5v5/60_scaled
18,EHRHOFF,CHRISTIAN,D,10,48.0,12.3869444444,10.5772222222,57.2929250486,48.2168181102,9.07610693839,41.8824518094,36.8716844372,5.01076737224,3.11991176007,3.11991176007,0.0,3.02536897946,0.0945427806082,3.30899732129,3.4980828825,3.4980828825,0.0,3.4980828825,0.0,0.189085561216,5.57802405589,1.60722727034,0.378171122433,0.0,-0.25938334179,-0.899289614674
53,LOVEJOY,BEN,D,12,66.0,20.7536111111,17.215,55.823409817,52.918966018,2.90444379901,42.9276793494,39.5585245426,3.36915480685,4.18239907058,4.18239907058,0.0,4.18239907058,0.0,4.53093232646,8.19053151322,8.13244263723,0.0580888759802,8.07435376125,0.11617775196,0.232355503921,4.64711007842,0.871333139704,1.04559976764,0.0580888759802,-1.41706950059,-0.043897193147
84,EKHOLM,MATTIAS,D,14,82.0,27.6494444444,22.7191666667,53.3910428053,46.5245937718,6.86644903349,39.5260976415,34.3762608664,5.14983677512,3.65330301141,3.60928731247,0.0440156989326,3.60928731247,0.0440156989326,3.82936580714,2.55291053809,2.55291053809,0.0,2.50889483916,0.0440156989326,0.17606279573,3.78535010821,1.8926750541,0.924329677585,0.0440156989326,0.189674388886,-0.251132895167
85,HICKEY,THOMAS,D,14,62.0,17.9847222222,14.7380555556,52.9920651375,56.9953069341,-4.00324179656,39.3539024068,41.2537459713,-1.89984356447,4.47820268768,4.47820268768,0.0,4.47820268768,0.0,4.54605424355,3.66398401719,3.66398401719,0.0,3.66398401719,0.0,0.271406223495,2.98546845845,2.44265601146,0.949921782234,0.0,1.05488762463,-0.899289614674
106,SMID,LADISLAV,D,15,22.0,4.24805555556,4.02666666667,52.8973509934,60.0993377483,-7.20198675497,40.9768211921,40.4801324503,0.496688741722,7.69867549669,7.45033112583,0.248344370861,7.45033112583,0.248344370861,7.45033112583,9.43708609272,9.43708609272,0.0,9.43708609272,0.0,0.0,2.73178807947,0.993377483444,0.248344370861,0.248344370861,-1.22507306846,2.75772541925
107,DEL ZOTTO,MICHAEL,D,15,52.0,20.2911111111,15.7011111111,59.5499256953,56.0469888897,3.5029368056,42.8632085486,40.6977567051,2.16545184346,4.96780128795,4.90411152785,0.0636897601019,4.90411152785,0.0636897601019,5.47731936876,7.77015073243,7.77015073243,0.0,7.77015073243,0.0,0.127379520204,4.71304224754,1.65593376265,0.764277121223,0.0636897601019,-0.182759776466,0.0385790770625
108,NEMETH,PATRIK,D,15,38.0,9.89555555556,8.99666666667,58.7995553909,54.6869210819,4.112634309,44.9055205632,39.3479066321,5.55761393109,4.66839570211,4.66839570211,0.0,4.66839570211,0.0,4.66839570211,5.89107076695,5.89107076695,0.0,5.89107076695,0.0,0.0,3.77917747314,2.11189329381,0.444609114487,0.0,0.534541824707,-0.899289614674
126,ZADOROV,NIKITA,D,16,22.0,6.20861111111,5.59694444444,48.2406074743,57.531391136,-9.29078366172,35.7337833143,42.1658643109,-6.43208099658,2.68003374857,2.68003374857,0.0,2.68003374857,0.0,2.85870266514,8.57610799543,8.57610799543,0.0,8.57610799543,0.0,0.0,2.501364832,1.60802024914,0.893344582858,0.0,-0.258135851767,-0.899289614674
162,STAAL,MARC,D,18,77.0,25.255,21.6277777778,48.5486771128,58.5820703827,-10.03339327,36.1109684048,42.5841253532,-6.47315694837,4.25378885179,4.16131518109,0.092473670691,4.0688415104,0.184947341382,4.25378885179,2.68173645004,2.68173645004,0.0,2.68173645004,0.0,0.092473670691,2.63549961469,2.17313126124,0.786026200873,0.092473670691,0.630879523746,0.4624388706
182,BOUWMEESTER,JAY,D,19,72.0,27.7369444444,21.8019444444,54.2612152331,54.7198899181,-0.45867468498,40.8220469632,41.5559264592,-0.733879495967,3.71526494834,3.71526494834,0.0,3.71526494834,0.0,3.99046975932,2.66031317288,2.66031317288,0.0,2.66031317288,0.0,0.0917349369959,4.08220469632,1.19255418095,0.321072279486,0.0,-0.911734374404,-0.899289614674
183,SCHULTZ,JUSTIN,D,19,63.0,19.3138888889,15.3391666667,54.5661976422,56.5219753355,-1.95577769327,39.7674797631,41.9840278155,-2.21654805237,3.71597761721,3.65078502744,0.0651925897756,3.65078502744,0.0651925897756,3.97674797631,2.1513554626,2.1513554626,0.0,2.1513554626,0.0,0.130385179551,3.52039984788,1.82539251372,1.04308143641,0.0651925897756,0.0838275523786,0.0607091164557
189,CLENDENING,ADAM,D,2,29.0,7.15138888889,6.52611111111,55.7759427939,59.4534774836,-3.67753468971,41.5254958713,45.8159530093,-4.29045713799,4.59691836214,4.59691836214,0.0,4.44368775006,0.153230612071,5.05661019835,2.91138162935,2.91138162935,0.0,2.91138162935,0.0,0.153230612071,6.12922448285,2.60492040521,0.766153060356,0.0,1.31015701039,-0.899289614674
190,PARDY,ADAM,D,2,23.0,6.08888888889,5.09638888889,53.7635580749,56.314383823,-2.55082574808,40.8132119693,42.9716029869,-2.15839101761,4.51299940045,4.31678203521,0.196217365237,4.31678203521,0.196217365237,4.31678203521,5.10165149616,5.10165149616,0.0,5.10165149616,0.0,0.0,4.12056466997,2.35460838284,0.784869460947,0.196217365237,0.916373785858,1.9901249998
191,SEKERA,ANDREJ,D,2,81.0,29.4433333333,22.7516666667,55.6442751447,58.061680463,-2.41740531829,39.8652113398,42.2826166581,-2.41740531829,5.62596146802,5.53805582009,0.0879056479379,5.45015017215,0.175811295876,5.84572558787,2.37345249432,2.37345249432,0.0,2.37345249432,0.0,0.0439528239689,4.21947110102,2.63716943814,1.09882059922,0.0879056479379,1.36089020352,0.395172083656
192,BODNARCHUK,ANDREW,D,2,37.0,7.60944444444,7.36333333333,45.7673155274,63.1507469443,-17.3834314169,34.495246718,48.4834766863,-13.9882299683,3.39520144862,3.39520144862,0.0,3.39520144862,0.0,3.53100950656,5.83974649163,5.83974649163,0.0,5.83974649163,0.0,0.0,1.2222725215,0.814848347669,0.27161611589,0.0,-1.50592964935,-0.899289614674
193,BITETTO,ANTHONY,D,2,28.0,5.6625,5.55277777778,49.5247623812,59.0695347674,-9.54477238619,36.3781890945,41.4207103552,-5.04252126063,7.38369184592,7.2036018009,0.180090045023,7.2036018009,0.180090045023,7.2036018009,10.9854927464,10.8054027014,0.180090045023,10.8054027014,0.180090045023,0.180090045023,3.24162081041,1.44072036018,0.360180090045,0.360180090045,-0.52132692472,4.40457130896
194,SMITH,BRENDAN,D,2,63.0,18.4819444444,15.8525,57.9719287179,43.9047468853,14.0671818325,43.1477684908,35.1994953477,7.94827314304,1.76628292067,1.76628292067,0.0,1.76628292067,0.0,2.14477211796,4.92035956474,4.85727803186,0.0630815328812,4.85727803186,0.0630815328812,0.126163065762,4.10029963728,1.89244598644,0.567733795931,0.0630815328812,0.189314026635,0.0296225781402
195,HAMHUIS,DAN,D,2,58.0,20.7013888889,15.99,53.0331457161,52.5953721076,0.437773608505,40.0250156348,41.5259537211,-1.5009380863,2.93933708568,2.81425891182,0.125078173859,2.81425891182,0.125078173859,2.93933708568,3.1894934334,3.1894934334,0.0,3.1894934334,0.0,0.0625390869293,3.56472795497,2.25140712946,1.25078173859,0.125078173859,0.754020727665,0.942559107851
196,PHANEUF,DION,D,2,71.0,26.4141666667,19.6608333333,59.8652142585,57.9833001314,1.88191412707,44.9624888738,45.2168015937,-0.254312719875,3.30606535837,3.20434027042,0.10172508795,3.20434027042,0.10172508795,3.66210316619,7.47679396431,7.47679396431,0.0,7.47679396431,0.0,0.152587631925,4.83194167762,1.16983851142,0.813800703599,0.10172508795,-0.947469971552,0.598671360522
197,KEITH,DUNCAN,D,2,67.0,28.1794444444,20.5238888889,56.6169504372,51.6958557778,4.92109465934,41.8049427496,37.7121511518,4.09279159787,4.04406788837,3.94662046937,0.0974474189968,3.84917305037,0.194894837994,4.23896272636,0.584684513981,0.584684513981,0.0,0.584684513981,0.0,0.194894837994,4.48258127385,1.55915870395,0.828303061473,0.0974474189968,-0.335003341552,0.535680201846
198,COWEN,JARED,D,2,37.0,10.4705555556,8.81777777778,46.6103830645,62.7142137097,-16.1038306452,33.341733871,44.7958669355,-11.4541330645,4.98991935484,4.98991935484,0.0,4.98991935484,0.0,4.98991935484,11.0005040323,10.8870967742,0.113407258065,10.8870967742,0.113407258065,0.0,2.60836693548,3.40221774194,0.793850806452,0.113407258065,2.56444081664,0.770698097388
199,MOORE,JOHN,D,2,73.0,24.1163888889,18.4630555556,43.1672860216,55.3537845848,-12.1864985632,32.9306272285,41.6507439782,-8.72011674967,3.46638181353,3.46638181353,0.0,3.4122195977,0.0541622158364,3.68303067688,4.38713948275,4.38713948275,0.0,4.38713948275,0.0,0.0541622158364,3.84551732439,1.84151533844,0.812433237546,0.0,0.109191487547,-0.899289614674
200,JOKIPAKKA,JYRKI,D,2,58.0,15.0402777778,13.5366666667,52.8195025856,54.6663383403,-1.84683575474,36.5673479439,39.3006648609,-2.73331691702,4.21078552081,4.13691209062,0.0738734301896,4.13691209062,0.0738734301896,4.21078552081,4.50627924157,4.50627924157,0.0,4.43240581138,0.0738734301896,0.147746860379,2.95493720758,2.43782319626,0.960354592465,0.0738734301896,1.04728478744,0.188539531097
201,BIEKSA,KEVIN,D,2,71.0,24.8627777778,19.9455555556,57.4564091137,55.5512227731,1.90518634059,43.3179210072,40.5604144616,2.7575065456,4.66269288619,4.5624199209,0.100272965294,4.5624199209,0.100272965294,4.81310233413,6.81856164002,6.76842515737,0.0501364826472,6.71828867473,0.100272965294,0.0501364826472,4.31173750766,2.00545930589,0.601637791766,0.150409447942,0.367103127324,1.31557682445
202,RUSSELL,KRIS,D,2,62.0,23.8394444444,19.2958333333,50.4253940834,62.0341179011,-11.6087238177,37.4692291082,42.5480457784,-5.07881667027,8.65471820341,8.55106888361,0.103649319801,8.49924422371,0.155473979702,9.32843878212,1.91751241632,1.91751241632,0.0,1.91751241632,0.0,0.0518246599007,2.64305765493,2.02116173613,0.984668538113,0.103649319801,0.391805710738,0.627006791623
204,HUNWICK,MATT,D,2,60.0,22.5636111111,17.5433333333,55.4626638799,61.8468554057,-6.38419152575,41.6112483375,47.767433023,-6.15618468554,3.64810944328,3.53410602318,0.114003420103,3.53410602318,0.114003420103,3.87611628349,5.70017100513,5.64316929508,0.0570017100513,5.58616758503,0.114003420103,0.114003420103,3.53410602318,1.93805814174,1.02603078092,0.171005130154,0.261069675544,1.61886020158
205,NISKANEN,MATT,D,2,82.0,33.7044444444,24.8544444444,55.0002235236,52.8678081273,2.13241539631,40.998703563,37.6994948366,3.29920872636,3.78201975949,3.70155125397,0.080468505521,3.70155125397,0.080468505521,4.30506504538,5.43162412267,5.39138986991,0.0402342527605,5.39138986991,0.0402342527605,0.080468505521,4.70740757298,1.68983861594,0.925387813492,0.120702758282,-0.129421697334,0.878128573389
206,HOLDEN,NICK,D,2,82.0,29.8977777778,24.6355555556,50.8614468699,62.7142341692,-11.8527872993,37.9938661375,46.8022731373,-8.80840699982,3.6938480967,3.6938480967,0.0,3.6938480967,0.0,3.89680678333,7.79361356666,7.75302182933,0.0405917373264,7.75302182933,0.0405917373264,0.202958686632,3.32852246076,0.852426483854,0.690059534548,0.0405917373264,-1.44681287382,-0.301552717555
207,LEDDY,NICK,D,2,81.0,30.5311111111,24.5186111111,56.6100581191,56.3653460523,0.244712066797,40.499847055,42.3759729004,-1.87612584545,2.85497411264,2.7734034237,0.0815706889324,2.7734034237,0.0815706889324,3.05890083497,2.93654480157,2.8957594571,0.0407853444662,2.8957594571,0.0407853444662,0.0815706889324,3.3851835907,1.67219912312,1.38670171185,0.122356033399,-0.15717160842,0.902474009275
208,GROSSMANN,NICKLAS,D,2,58.0,17.1391666667,13.8166666667,48.1302774427,59.8552472859,-11.7249698432,35.2472858866,45.958986731,-10.7117008444,3.54644149578,3.47406513872,0.0723763570567,3.47406513872,0.0723763570567,3.61881785283,6.80337756333,6.80337756333,0.0,6.80337756333,0.0,0.21712907117,2.53317249698,0.940892641737,0.144752714113,0.0723763570567,-1.30764061759,0.166494260109
213,CORRADO,FRANK,D,20,39.0,9.395,8.37833333333,61.5874278894,50.4873682117,11.1000596777,43.9228167893,38.7905311319,5.13228565745,4.29679729461,4.29679729461,0.0,4.29679729461,0.0,4.29679729461,5.01293017704,5.01293017704,0.0,5.01293017704,0.0,0.119355480406,4.1774418142,1.79033220609,0.238710960812,0.0,0.0286717477904,-0.899289614674
216,SUTER,RYAN,D,20,82.0,39.0508333333,28.8133333333,54.9398426654,54.3845441925,0.555298472929,41.7862100879,39.7732531236,2.01295696437,3.74826469227,3.67885238316,0.0694123091161,3.6441462286,0.104118463674,4.16473854697,1.83942619158,1.83942619158,0.0,1.83942619158,0.0,0.138824618232,4.09532623785,1.18000925497,0.937066173068,0.0694123091161,-0.931469668595,0.122846933446
254,BOYLE,DAN,D,22,74.0,23.2044444444,18.9569444444,54.4919041688,54.6501575207,-0.158253351894,40.4601069675,41.0931203751,-0.633013407576,4.64209832222,4.58934720492,0.052751117298,4.48384497033,0.158253351894,4.90585390871,3.27056927247,3.27056927247,0.0,3.27056927247,0.0,0.26375558649,2.90131145139,2.21554692651,0.896768994065,0.052751117298,0.697606552217,-0.122498788508
255,SHATTENKIRK,KEVIN,D,22,72.0,26.9016666667,19.6955555556,54.4792959495,49.5035541013,4.97574184813,39.5012975291,36.150287713,3.35100981609,4.36646733612,4.31569446012,0.0507728760014,4.26492158411,0.101545752003,4.97574184813,3.6556470721,3.6556470721,0.0,3.6556470721,0.0,0.253864380007,5.78810786415,1.16777614803,1.47241340404,0.0507728760014,-0.950714418618,-0.151629540042
256,SCHENN,LUKE,D,22,72.0,21.0855555556,17.7788888889,56.5839635023,55.0653084182,1.51865508406,40.1599900006,41.2849196925,-1.12492969189,3.99350040622,3.99350040622,0.0,3.99350040622,0.0,4.04974689082,11.5305293419,11.5305293419,0.0,11.3617898881,0.168739453784,0.168739453784,3.65602149866,2.58733829136,0.562464845947,0.0,1.28249736615,-0.899289614674
257,REDMOND,ZACH,D,22,37.0,7.26555555556,7.06138888889,49.9901656111,57.2125408127,-7.2223752016,36.3951064081,42.0597144093,-5.66460800126,5.23976240116,5.09814720113,0.141615200031,5.09814720113,0.141615200031,5.23976240116,6.37268400142,6.23106880138,0.141615200031,6.23106880138,0.141615200031,0.141615200031,2.6906888006,1.69938240038,0.708076000157,0.283230400063,-0.114407707299,3.27144245186
280,EDLER,ALEXANDER,D,23,52.0,21.1922222222,15.2372222222,46.6620483465,52.7655230248,-6.10347467824,36.6864768294,36.8833631093,-0.196886279943,5.11904327852,4.98778575856,0.131257519962,4.98778575856,0.131257519962,5.1846720385,4.26586939877,4.20024063879,0.065628759981,4.20024063879,0.065628759981,0.196886279943,4.52838443869,1.96886279943,0.853173879754,0.196886279943,0.309530621685,1.99997515718
281,MANNING,BRANDON,D,23,56.0,15.4141666667,13.8419444444,61.4798017298,56.4227087556,5.05709297425,43.996708876,42.6963135398,1.30039533624,3.32323252594,3.32323252594,0.0,3.32323252594,0.0,3.46772089663,5.99626738376,5.85177901306,0.144488370693,5.77953482772,0.216732556039,0.0722441853465,4.47913949148,1.22815115089,0.505709297425,0.144488370693,-0.855734309066,1.22838552456
284,EKMAN-LARSSON,OLIVER,D,23,75.0,30.8933333333,22.045,55.1145384441,54.4794738036,0.635064640508,41.188478113,41.9142662735,-0.725788160581,2.40417328192,2.40417328192,0.0,2.40417328192,0.0,2.72170560218,5.85166704468,5.85166704468,0.0,5.85166704468,0.0,0.317532320254,5.08051712406,1.13404400091,1.58766160127,0.0,-1.00378080168,-0.899289614674
297,BENN,JORDIE,D,24,64.0,16.6863888889,14.0247222222,54.9743508487,57.6125492682,-2.63819841946,41.1416348115,41.9259640714,-0.784329259839,5.13379151894,5.06248885896,0.0713026599853,5.06248885896,0.0713026599853,5.41900215889,5.77551545881,5.77551545881,0.0,5.70421279883,0.0713026599853,0.142605319971,3.56513299927,2.49559309949,0.713026599853,0.0713026599853,1.13816663386,0.150683447413
298,DUMBA,MATT,D,24,81.0,22.73,18.3913888889,52.7964476129,58.0706550469,-5.27420743403,39.8556087541,43.2267516501,-3.37114289598,3.04490326089,2.99052998837,0.0543732725158,2.99052998837,0.0543732725158,2.99052998837,4.1323687112,4.1323687112,0.0,4.1323687112,0.0,0.217493090063,4.51298161881,2.12055762812,0.706852542706,0.0543732725158,0.548172290669,-0.0986116112044
299,DESPRES,SIMON,D,24,32.0,10.4680555556,8.845,53.2504239683,54.9462973431,-1.69587337479,40.8140192199,38.2136800452,2.60033917467,6.33126059921,6.21820237422,0.113058224986,6.21820237422,0.113058224986,6.55737704918,7.2357263991,7.2357263991,0.0,7.2357263991,0.0,0.0,3.05257207462,2.60033917467,1.01752402487,0.113058224986,1.30294995851,0.765558382679
311,COLAIACOVO,CARLO,D,25,36.0,8.68361111111,8.26222222222,50.107584723,54.2227003765,-4.11511565358,36.6729424422,40.0618612157,-3.38891877353,4.96234534696,4.96234534696,0.0,4.96234534696,0.0,4.96234534696,4.23614846692,4.23614846692,0.0,4.23614846692,0.0,0.121032813341,3.02582033351,1.21032813341,0.363098440022,0.0,-0.883772935536,-0.899289614674
313,NURSE,DARNELL,D,25,69.0,23.2619444444,19.6083333333,51.6617084573,61.4534636634,-9.79175520612,37.3310667233,46.357841054,-9.02677433064,4.13089672758,4.07989800255,0.0509987250319,4.07989800255,0.0509987250319,4.43688907777,7.90480237994,7.90480237994,0.0,7.90480237994,0.0,0.152996175096,5.55886102847,1.73395665108,0.509987250319,0.0509987250319,-0.0600165526116,-0.148303781954
314,BRODIN,JONAS,D,25,68.0,23.0669444444,20.1052777778,45.8586053966,55.9554566932,-10.0968512966,34.0209176695,40.2381906354,-6.21727296592,4.77486563782,4.7251274541,0.0497381837273,4.7251274541,0.0497381837273,4.97381837273,1.44240732809,1.44240732809,0.0,1.39266914437,0.0497381837273,0.0994763674546,2.63612373755,1.04450185827,0.945025490819,0.0497381837273,-1.14464576424,-0.166865984454
315,CARLE,MATTHEW,D,25,64.0,17.8983333333,15.3630555556,51.4220623068,56.4340861012,-5.01202379446,38.1434538124,41.0074674092,-2.86401359683,4.88184135824,4.81675014013,0.0650912181098,4.81675014013,0.0650912181098,5.20729744879,1.75746288897,1.75746288897,0.0,1.75746288897,0.0,0.13018243622,2.92910481494,1.62728045275,0.520729744879,0.0650912181098,-0.227836288016,0.0592163598268
316,GREEN,MIKE,D,25,74.0,24.3797222222,19.4019444444,56.5922659527,45.9232322075,10.6690337452,43.758500723,36.800435237,6.95806548599,3.35017967844,3.29863845262,0.0515412258222,3.29863845262,0.0515412258222,3.40172090426,4.94795767893,4.94795767893,0.0,4.94795767893,0.0,0.103082451644,4.22638051742,1.70086045213,0.72157716151,0.0515412258222,-0.112082481447,-0.140315142875
328,PETRY,JEFF,D,26,51.0,18.1452777778,14.0005555556,59.0690845601,49.2123328439,9.8567517162,41.9983333995,35.712868537,6.28546486251,3.99984127614,3.92841553907,0.0714257370739,3.92841553907,0.0714257370739,4.21411848736,5.07122733225,5.07122733225,0.0,5.07122733225,0.0,0.214277211222,5.64263322884,2.85702948296,0.785683107813,0.0714257370739,1.70676730753,0.152495828993
329,LILES,JOHN-MICHAEL,D,26,81.0,27.41,22.045,54.1165797233,50.4422771604,3.67430256294,40.5987752325,38.4214107507,2.17736448174,4.53617600363,4.49081424359,0.0453617600363,4.44545248356,0.0907235200726,4.85370832388,2.9938761624,2.9938761624,0.0,2.9938761624,0.0,0.181447040145,3.53821728283,1.76910864142,0.635064640508,0.0453617600363,-0.00471651559969,-0.231311363978
330,STONE,MICHAEL,D,26,75.0,28.2966666667,20.6525,53.2623169108,59.4601137877,-6.19779687689,39.6077956664,45.3213896623,-5.71359399588,5.13255053868,5.13255053868,0.0,5.13255053868,0.0,5.22939111488,5.71359399588,5.71359399588,0.0,5.71359399588,0.0,0.242101440504,5.08413025057,0.581043457209,0.629463745309,0.0,-1.87374435839,-0.899289614674
346,MARTINEZ,ALEC,D,27,78.0,27.4958333333,20.7394444444,61.4770566018,54.823069299,6.65398730278,44.6974364469,39.2488816265,5.44855482039,6.65398730278,6.55755270419,0.096434598591,6.50933540489,0.144651897886,6.75042190137,6.65398730278,6.60577000348,0.0482172992955,6.60577000348,0.0482172992955,0.241086496477,3.13412445421,2.07334386971,0.192869197182,0.144651897886,0.4738970487,1.23079355742
347,PIETRANGELO,ALEX,D,27,73.0,32.0041666667,23.3955555556,57.147606383,54.9249620061,2.2226443769,42.5294452888,41.1616641337,1.36778115502,4.23157294833,4.18882978723,0.0427431610942,4.18882978723,0.0427431610942,4.53077507599,1.62424012158,1.62424012158,0.0,1.62424012158,0.0,0.213715805471,5.34289513678,1.23955167173,1.28229483283,0.0427431610942,-0.837799358054,-0.269871753593
348,HUTTON,BEN,D,27,75.0,24.8416666667,19.5830555556,49.073036497,57.1923006,-8.11926410304,36.8175435113,43.864451978,-7.04690846679,4.18729343679,4.08516432857,0.102129108214,4.08516432857,0.102129108214,4.49368076143,1.94045305607,1.94045305607,0.0,1.94045305607,0.0,0.0510645541072,3.52345423339,2.34896948893,1.27661385268,0.102129108214,0.907502850268,0.604620793465
349,HAMILTON,DOUGIE,D,27,82.0,27.0108333333,21.8263888889,56.9952274897,59.3776646516,-2.38243716195,41.7842825326,42.7464206172,-0.962138084633,3.94018453707,3.94018453707,0.0,3.94018453707,0.0,4.26089723194,3.25294304804,3.25294304804,0.0,3.25294304804,0.0,0.274896595609,5.54374801145,2.24498886414,0.641425389755,0.0,0.743923708804,-0.899289614674
350,FAULK,JUSTIN,D,27,64.0,25.6452777778,18.9772222222,58.7019526333,53.5905617846,5.11139084868,43.2096958342,41.3126847976,1.89701103662,3.16168506104,3.10899031002,0.0526947510173,3.056295559,0.105389502035,3.21437981206,4.42635908545,4.37366433444,0.0526947510173,4.37366433444,0.0526947510173,0.210779004069,4.84791709359,1.63353728154,1.84431628561,0.105389502035,-0.217993236159,0.652631985247
351,ALZNER,KARL,D,27,82.0,29.2127777778,24.0425,53.3638348757,54.4036601851,-1.03982530935,39.8876988666,38.8062805449,1.08141832172,6.19735884371,6.15576583134,0.0415930123739,6.15576583134,0.0415930123739,6.53010294271,4.24248726214,4.24248726214,0.0,4.24248726214,0.0,0.124779037122,2.62035977956,1.33097639597,0.915046272226,0.0415930123739,-0.693972775656,-0.286808361202
352,QUINCEY,KYLE,D,27,47.0,15.4813888889,13.1236111111,50.6720287861,53.1865805905,-2.51455180442,38.4040639221,42.290189438,-3.88612551593,3.20033866018,3.12414012065,0.076198539528,3.12414012065,0.076198539528,3.42893427876,3.20033866018,3.20033866018,0.0,3.20033866018,0.0,0.076198539528,4.3433167531,1.60016933009,0.076198539528,0.076198539528,-0.270486677717,0.222778115916
353,MCDONAGH,RYAN,D,27,73.0,27.1952777778,20.4163888889,51.6251921795,57.4538429094,-5.82865072994,39.1842065878,39.8209499449,-0.636743357052,4.94700608172,4.94700608172,0.0,4.94700608172,0.0,5.24088763112,3.82046014231,3.77147988408,0.0489802582348,3.72249962585,0.0979605164696,0.342861807644,3.57555885114,2.35105239527,1.2734867141,0.0489802582348,0.910779614875,-0.178026877334
354,MURRAY,RYAN,D,27,82.0,31.2230555556,23.32,52.2727272727,57.9331046312,-5.66037735849,39.1080617496,41.295025729,-2.18696397942,5.31732418525,5.27444253859,0.0428816466552,5.27444253859,0.0428816466552,5.83190394511,1.97255574614,1.97255574614,0.0,1.92967409949,0.0428816466552,0.128644939966,2.05831903945,1.15780445969,0.514579759863,0.0428816466552,-0.966401573999,-0.267832473311
366,SEVERSON,DAMON,D,28,72.0,21.7958333333,18.3775,46.2522105836,48.1567133723,-1.90450278874,36.185552986,37.6003264862,-1.4147735002,2.01333151952,2.01333151952,0.0,2.01333151952,0.0,2.12216025031,3.26486192355,3.26486192355,0.0,3.15603319276,0.108828730785,0.0544143653925,3.75459121208,1.52360223099,0.544143653925,0.0,-0.390939698275,-0.899289614674
367,COLE,IAN,D,28,70.0,20.1116666667,16.5502777778,55.467346973,55.2860811332,0.181265839781,42.3557845622,40.7848139508,1.57097061144,5.31713130025,5.19628740706,0.120843893187,5.19628740706,0.120843893187,5.31713130025,6.82767996509,6.82767996509,0.0,6.82767996509,0.0,0.0,3.98784847519,1.63139255803,0.48337557275,0.120843893187,-0.22136724964,0.880206866812
368,ZIDLICKY,MAREK,D,28,53.0,13.7675,11.6163888889,54.8363184199,56.4719385925,-1.63562017265,40.3739926828,40.115736866,0.258255816734,5.25120160693,5.25120160693,0.0,5.16511633468,0.0860852722447,5.68162796815,3.2712403453,3.2712403453,0.0,3.2712403453,0.0,0.344341088979,2.4964728951,1.5495349004,0.430426361223,0.0,-0.350143215204,-0.899289614674
369,BEAULIEU,NATHAN,D,28,64.0,18.6147222222,16.1477777778,55.6732952591,53.6296704053,2.04362485378,39.3862244547,39.3242964288,0.0619280258722,4.83038601803,4.64460194041,0.185784077616,4.58267391454,0.247712103489,4.76845799216,3.40604142297,3.40604142297,0.0,3.40604142297,0.0,0.0619280258722,3.83953760407,2.97254524186,0.805064336338,0.185784077616,1.8884931695,1.83648878268
384,GOLOUBEF,CODY,D,29,43.0,10.8408333333,9.97361111111,53.2404957527,59.6574293274,-6.41693357471,38.3010722741,44.6177412617,-6.31666898761,4.51190641972,4.51190641972,0.0,4.51190641972,0.0,4.61217100682,3.10820220025,3.10820220025,0.0,3.10820220025,0.0,0.100264587105,3.91031889709,1.00264587105,0.20052917421,0.0,-1.2104923243,-0.899289614674
385,ENGELLAND,DERYK,D,29,69.0,17.5161111111,15.7977777778,50.323533549,60.5781403854,-10.2546068364,38.0433253622,43.4238289492,-5.380503587,6.1401040934,6.1401040934,0.0,6.1401040934,0.0,6.2034041356,6.4566043044,6.3933042622,0.0633000422,6.3933042622,0.0633000422,0.1899001266,4.2411028274,1.266000844,0.5064003376,0.0633000422,-0.796190328479,0.0328402547119
386,MCCABE,JAKE,D,29,77.0,24.5211111111,21.5947222222,49.3639135077,55.0134420705,-5.64952856279,38.3427020491,41.4916196087,-3.14891755959,3.98245456066,3.98245456066,0.0,3.88983933832,0.0926152223408,4.16768500534,5.09383722875,5.09383722875,0.0,5.09383722875,0.0,0.138922833511,2.54691861437,1.20399789043,0.648306556386,0.0,-0.893731480342,-0.899289614674
399,MCNABB,BRAYDEN,D,3,81.0,25.4002777778,22.3025,62.8180697231,45.241564847,17.5765048761,48.1560363188,34.4804394126,13.6755969062,3.13866158502,3.09382356238,0.0448380226432,3.04898553974,0.0896760452864,3.22833763031,8.07084407578,8.02600605313,0.0448380226432,7.98116803049,0.0896760452864,0.0896760452864,3.72155587939,2.06254904159,0.717408362291,0.0896760452864,0.456914954972,0.421242212393
400,BIGRAS,CHRIS,D,3,31.0,6.89333333333,6.51194444444,45.7620611696,61.272021499,-15.5099603293,35.0125837137,47.2977008062,-12.2851170925,2.30345945485,2.30345945485,0.0,2.30345945485,0.0,2.4570234185,2.61058738216,2.61058738216,0.0,2.61058738216,0.0,0.0,2.76415134582,1.22851170925,0.614255854626,0.0,-0.855167089668,-0.899289614674
401,STONER,CLAYTON,D,3,50.0,12.8002777778,11.1633333333,52.2245446402,48.9997014034,3.22484323679,38.6981188414,36.6378023291,2.06031651239,3.94147506718,3.76231710958,0.179157957599,3.76231710958,0.179157957599,3.85189608838,10.1224246044,10.1224246044,0.0,10.0328456256,0.0895789787996,0.0,2.59779038519,2.32905344879,0.179157957599,0.179157957599,0.876171544519,1.73891531872
402,KLINGBERG,JOHN,D,3,76.0,28.7308333333,22.6525,69.6170400618,55.5788544311,14.0381856307,50.6345877938,43.3947687893,7.23981900452,2.73700474561,2.69285950778,0.0441452378325,2.69285950778,0.0441452378325,2.86944045911,1.85409998896,1.85409998896,0.0,1.85409998896,0.0,0.17658095133,5.2974285399,2.69285950778,1.41264761064,0.0441452378325,1.4485001193,-0.249225359665
403,METHOT,MARC,D,3,69.0,23.7555555556,20.3513888889,50.5616597284,57.6864805842,-7.1248208558,36.4102914079,43.8790691326,-7.4687777247,3.58697877568,3.58697877568,0.0,3.53784208012,0.0491366955572,3.73438886235,5.30676312018,5.30676312018,0.0,5.30676312018,0.0,0.196546782229,3.19388521122,2.11287790896,0.442230260015,0.0,0.53609079117,-0.899289614674
404,PYSYK,MARK,D,3,55.0,14.5777777778,13.15,54.752851711,51.5589353612,3.19391634981,40.2281368821,39.6958174905,0.532319391635,3.26996197719,3.26996197719,0.0,3.26996197719,0.0,3.42205323194,2.73764258555,2.73764258555,0.0,2.73764258555,0.0,0.0760456273764,2.96577946768,1.44486692015,0.532319391635,0.0,-0.514803683283,-0.899289614674
405,MAATTA,OLLI,D,3,67.0,22.2844444444,18.6613888889,56.8553608907,51.8718089936,4.98355189711,42.3869844152,38.6359238475,3.75106056772,3.53671424956,3.53671424956,0.0,3.48312767003,0.0535865795389,3.75106056772,3.80464714726,3.80464714726,0.0,3.80464714726,0.0,0.321519477233,4.39409952219,1.55401080663,0.321519477233,0.0,-0.34310185631,-0.899289614674
406,GUDAS,RADKO,D,3,76.0,25.1255555556,20.5397222222,63.0485644348,53.9929405082,9.05562392654,44.9373165817,39.0462924144,5.89102416726,5.25810421541,5.11204576498,0.146058450428,5.11204576498,0.146058450428,5.40416266584,13.3400051391,13.3400051391,0.0,13.3400051391,0.0,0.243430750713,6.42657181883,2.19087675642,0.486861501427,0.146058450428,0.658796194498,1.25150586015
407,JONES,SETH,D,3,81.0,29.8033333333,22.4263888889,60.1969406082,53.6867529572,6.51018765096,43.9660618071,37.5896451353,6.37641667183,3.87935839475,3.83476806837,0.0445903263764,3.74558741562,0.133770979129,4.19149067938,3.34427447823,3.34427447823,0.0,3.29968415185,0.0445903263764,0.0891806527528,5.44001981792,2.40787762433,1.02557750666,0.0445903263764,1.00017532876,-0.242671172465
408,KAMPFER,STEVEN,D,3,47.0,11.8202777778,10.5225,48.5626039439,53.6944642433,-5.13186029936,37.8237110953,40.104537895,-2.28082679971,5.51199809931,5.51199809931,0.0,5.51199809931,0.0,5.98717034925,6.46234259919,6.46234259919,0.0,6.46234259919,0.0,0.0,4.84675694939,0.760275599905,0.475172249941,0.0,-1.59178182849,-0.899289614674
409,HAMONIC,TRAVIS,D,3,72.0,28.5883333333,23.3255555556,57.0190063354,55.6042490354,1.41475730005,41.1565760015,40.0419187348,1.11465726671,4.11565760015,4.11565760015,0.0,4.07278616682,0.0428714333349,4.5443719335,5.57328633354,5.5304149002,0.0428714333349,5.44467203353,0.128614300005,0.17148573334,5.10170056686,2.05782880008,1.37188586672,0.0428714333349,0.449489215269,-0.267982870382
446,BEAUCHEMIN,FRANCOIS,D,32,82.0,34.2533333333,24.8191666667,48.6317698016,63.9022261021,-15.2704563006,37.3501662022,43.9579625961,-6.60779639392,7.01071080818,6.97041936675,0.0402914414263,6.93012792533,0.0805828828526,7.655373871,2.53836080986,2.53836080986,0.0,2.53836080986,0.0,0.241748648558,3.14273243125,1.24903468422,0.846120269953,0.0402914414263,-0.822880972598,-0.305974749015
447,STREIT,MARK,D,32,62.0,22.5983333333,16.5622222222,55.24620958,57.9028579096,-2.65664832953,40.2723735409,40.9365356232,-0.664162082383,4.4679994633,4.4679994633,0.0,4.4679994633,0.0,4.95102643231,1.63021602039,1.56983764927,0.0603783711257,1.56983764927,0.0603783711257,0.241513484503,3.68308063867,1.8717295049,0.664162082383,0.0603783711257,0.156723490933,-0.0101830479942
448,ROZSIVAL,MICHAL,D,32,51.0,13.7363888889,12.4158333333,53.8022686086,53.8828109269,-0.0805423182764,37.8548895899,40.8349553661,-2.98006577623,4.4298275052,4.34928518693,0.0805423182764,4.34928518693,0.0805423182764,4.4298275052,6.20175850728,6.20175850728,0.0,6.12121618901,0.0805423182764,0.0,2.65789650312,1.77193100208,0.483253909658,0.0805423182764,-0.000276464046857,0.286742779708
460,GOLIGOSKI,ALEX,D,33,82.0,32.5688888889,24.8736111111,67.1394271037,58.0132894076,9.12613769613,49.2891842091,43.6607292423,5.62845496678,4.4223574739,4.34195097437,0.0804064995254,4.34195097437,0.0804064995254,5.14601596962,3.29666648054,3.29666648054,0.0,3.29666648054,0.0,0.160812999051,3.89971522698,2.371991736,0.482438997152,0.0804064995254,0.943720745842,0.284742769752
461,BYFUGLIEN,DUSTIN,D,33,81.0,34.0166666667,24.8438888889,60.5380263423,51.6022272412,8.93579910105,45.3632684094,39.2048122722,6.15845613721,3.17985643686,3.13960508956,0.040251347302,3.05910239496,0.120754041906,3.34086182607,6.76222634674,6.76222634674,0.0,6.68172365214,0.0805026946041,0.563518862229,5.63518862229,2.65658892193,2.0528187124,0.040251347302,1.39144034201,-0.306565158272
462,NAKLADAL,JAKUB,D,33,27.0,6.38555555556,5.53,55.3345388788,48.643761302,6.69077757685,37.6130198915,34.1772151899,3.43580470163,3.79746835443,3.79746835443,0.0,3.79746835443,0.0,3.97830018083,7.41410488246,7.41410488246,0.0,7.41410488246,0.0,0.361663652803,5.78661844485,1.98915009042,0.542495479204,0.0,0.341445967921,-0.899289614674
463,MITCHELL,WILLIE,D,33,46.0,15.2755555556,12.1975,42.549702808,57.5527772084,-15.0030744005,34.1053494569,44.8452551752,-10.7399057184,3.60729657717,3.52531256405,0.0819840131174,3.52531256405,0.0819840131174,3.7712646034,4.91904078705,4.91904078705,0.0,4.91904078705,0.0,0.0819840131174,2.45952039352,0.983808157409,0.409920065587,0.0819840131174,-1.24012723975,0.307972573199
464,CHARA,ZDENO,D,33,80.0,32.1291666667,24.4402777778,55.3185202023,56.3823378985,-1.0638176962,41.6525544127,42.9618685003,-1.30931408763,3.43694948003,3.35511734955,0.0818321304768,3.31420128431,0.122748195715,3.72336193669,4.21435471955,4.17343865432,0.0409160652384,4.09160652384,0.122748195715,0.24549639143,4.33710291527,3.02778882764,0.777405239529,0.122748195715,1.97540069051,0.90824882705
475,DAHLBECK,KLAS,D,34,71.0,18.7552777778,15.0547222222,47.2277063306,57.1913574552,-9.9636511246,34.4078085503,43.0429728583,-8.63516430799,3.71976308652,3.71976308652,0.0,3.65333874569,0.0664243408307,3.78618742735,10.2293484879,10.2293484879,0.0,10.2293484879,0.0,0.132848681661,3.78618742735,0.730667749137,0.464970385815,0.0,-1.63835999456,-0.899289614674
518,STRAIT,BRIAN,D,37,52.0,13.3763888889,11.7958333333,51.7131755563,57.6474743907,-5.93429883433,37.3860826563,41.2857647474,-3.89968209113,4.8322147651,4.74743906747,0.0847756976333,4.74743906747,0.0847756976333,4.74743906747,8.30801836807,8.22324267043,0.0847756976333,8.05369127517,0.2543270929,0.0847756976333,3.47580360297,1.5259625574,0.593429883433,0.169551395267,-0.387226504892,1.59745311142
534,PROSSER,NATE,D,39,54.0,10.2513888889,8.85138888889,47.3372038287,57.0531931586,-9.71598932999,35.7006119567,39.2028871803,-3.5022752236,6.66562058685,6.66562058685,0.0,6.55264396673,0.112976620116,6.77859720697,3.72822846383,3.72822846383,0.0,3.72822846383,0.0,0.0,2.03357916209,1.58167268163,0.338929860348,0.0,-0.299585039856,-0.899289614674
536,ENSTROM,TOBY,D,39,72.0,25.0252777778,20.5458333333,52.6627458933,48.7203407017,3.94240519164,38.5479618739,37.8178868384,0.73007503549,3.40701683229,3.40701683229,0.0,3.40701683229,0.0,3.79639018455,1.07077671872,1.07077671872,0.0,1.07077671872,0.0,0.0973433380653,1.94686676131,1.55749340904,0.243358345163,0.0,-0.337623132607,-0.899289614674
543,DILLON,BRENDEN,D,4,76.0,21.1338888889,19.4744444444,54.2249101386,55.4059451133,-1.18103497461,39.744394363,37.5363724539,2.20802190905,4.05659839105,4.00524904433,0.0513493467222,3.95389969761,0.102698693444,4.10794773778,7.29160723455,7.29160723455,0.0,7.29160723455,0.0,0.102698693444,4.46739316483,2.00262452217,0.513493467222,0.0513493467222,0.362643532197,-0.143140674015
544,FOWLER,CAM,D,4,69.0,26.1977777778,18.9291666667,54.1492405899,56.8434954876,-2.69425489764,41.2590799031,41.9986792868,-0.739599383667,4.54325335681,4.54325335681,0.0,4.54325335681,0.0,4.91305304865,1.90182698657,1.90182698657,0.0,1.90182698657,0.0,0.10565705481,3.11688311688,1.26788465772,0.686770856262,0.0,-0.793226770309,-0.899289614674
545,GUNNARSSON,CARL,D,4,72.0,20.8555555556,17.7291666667,50.1433607521,50.4253819036,-0.282021151586,38.0164512338,36.6627497062,1.35370152761,5.13278495887,5.13278495887,0.0,5.13278495887,0.0,5.41480611046,3.44065804935,3.44065804935,0.0,3.44065804935,0.0,0.112808460635,2.59459459459,1.12808460635,0.507638072855,0.0,-1.0131559391,-0.899289614674
547,KINDL,JAKUB,D,4,44.0,11.2858333333,10.1672222222,57.1444183378,46.5220479755,10.6223703623,43.9648106661,38.1618490793,5.8029615868,2.26217146604,2.26217146604,0.0,2.26217146604,0.0,2.26217146604,3.73750068302,3.73750068302,0.0,3.73750068302,0.0,0.0983552811322,5.11447461887,2.4588820283,0.688486967925,0.0,1.0804138985,-0.899289614674
548,DEMERS,JASON,D,4,62.0,21.5636111111,16.4413888889,62.7684198077,53.0977039653,9.67071584247,45.8598726115,38.6220412577,7.2378313538,3.58850462079,3.52768250857,0.0608221122168,3.46686039636,0.121644224434,3.71014884522,4.37919207961,4.31836996739,0.0608221122168,4.25754785518,0.121644224434,0.121644224434,4.25754785518,2.1895960398,1.39890858099,0.121644224434,0.656781410254,0.891992209033
549,GORGES,JOSH,D,4,77.0,26.2636111111,22.2752777778,48.9780648701,59.1238418276,-10.1457769575,36.0489331721,44.4438902121,-8.39495704007,5.61160229951,5.61160229951,0.0,5.61160229951,0.0,5.92585202828,5.92585202828,5.92585202828,0.0,5.88095920989,0.0448928183961,0.0897856367922,2.46910501178,0.673392275941,0.583606639149,0.0,-1.72846401876,-0.899289614674
550,CONNAUTON,KEVIN,D,4,65.0,18.1327777778,15.6072222222,54.269746912,61.1255472894,-6.85580037732,41.0066564625,45.2354679102,-4.22881144769,3.45993663902,3.45993663902,0.0,3.45993663902,0.0,3.58808244047,6.08692556865,6.08692556865,0.0,6.08692556865,0.0,0.320364503613,5.44619656142,0.640729007226,0.897020610116,0.0,-1.77984887498,-0.899289614674
551,REILLY,MIKE,D,4,29.0,5.84,4.65027777778,54.190311212,63.4370706648,-9.24675945284,42.5781016666,46.6638790992,-4.08577743265,4.30081835016,4.30081835016,0.0,4.30081835016,0.0,4.51585926767,0.645122752524,0.645122752524,0.0,0.645122752524,0.0,0.215040917508,3.22561376262,1.93536825757,0.430081835016,0.0,0.25683803196,-0.899289614674
552,HJALMARSSON,NIKLAS,D,4,81.0,30.2105555556,24.9991666667,53.681789393,50.0016667222,3.68012267076,39.6813227108,36.641221374,3.04010133671,4.92016400547,4.84016133871,0.0800026667556,4.84016133871,0.0800026667556,5.08016933898,1.00003333444,1.00003333444,0.0,1.00003333444,0.0,0.0800026667556,2.80009333644,2.08006933564,0.960032001067,0.0800026667556,0.484477346196,0.278796097777
553,POSTMA,PAUL,D,4,26.0,4.96277777778,4.66888888889,58.0437886721,49.9048072347,8.13898143741,41.5516420752,37.0537839124,4.49785816278,2.99857210852,2.99857210852,0.0,2.99857210852,0.0,2.99857210852,2.57020466445,2.35602094241,0.214183722037,2.35602094241,0.214183722037,0.428367444074,4.71204188482,1.7134697763,0.856734888149,0.214183722037,-0.0922458779863,2.25469003381
554,SCUDERI,ROB,D,4,63.0,16.6005555556,14.4366666667,49.526668206,54.6525051951,-5.12583698915,38.2359732163,40.314015239,-2.07804202263,4.22535211268,4.22535211268,0.0,4.22535211268,0.0,4.6409605172,2.00877395521,2.00877395521,0.0,2.00877395521,0.0,0.0,2.28584622489,1.73170168552,0.277072269684,0.0,-0.0635639955243,-0.899289614674
555,ELLIS,RYAN,D,4,79.0,27.5127777778,21.9041666667,56.0623929998,46.7490964428,9.31329655697,41.1793798745,34.7879018452,6.39147802929,3.24139242914,3.19573901465,0.045653414495,3.19573901465,0.045653414495,3.6066197451,2.64789804071,2.64789804071,0.0,2.64789804071,0.0,0.27392048697,4.5653414495,0.913068289899,0.684801217424,0.045653414495,-1.35141303765,-0.227016582758
556,CHORNEY,TAYLOR,D,4,55.0,12.0916666667,10.8963888889,51.4849465929,54.6052463864,-3.12029979351,38.2695592322,41.0227649323,-2.75320570016,4.12980855023,3.94626150356,0.183547046677,3.85448798022,0.275320570016,4.03803502689,4.68044969026,4.68044969026,0.0,4.58867616693,0.0917735233385,0.0917735233385,2.47788513014,2.20256456012,0.734188186708,0.183547046677,0.677183090128,1.80354720342
557,BARRIE,TYSON,D,4,78.0,30.1497222222,23.9225,50.4127913053,62.8278817013,-12.4150903961,37.3706761417,47.3612707702,-9.99059462849,3.05152053506,3.0097188839,0.0418016511652,3.0097188839,0.0418016511652,3.05152053506,1.37945448845,1.33765283729,0.0418016511652,1.33765283729,0.0418016511652,0.376214860487,4.01295851186,1.9228759536,1.0868429303,0.0836033023304,0.237185521094,0.331817546918
558,MICHALEK,ZBYNEK,D,4,70.0,19.8,15.8619444444,46.5264522004,59.3243787542,-12.7979265538,34.4220093515,43.2481655955,-8.82615624398,5.67395758542,5.61091361224,0.0630439731713,5.61091361224,0.0630439731713,5.67395758542,4.53916606833,4.53916606833,0.0,4.53916606833,0.0,0.126087946343,3.97177030979,1.38696740977,0.819571651227,0.0630439731713,-0.60588942372,0.0290694896062
582,BORTUZZO,ROBERT,D,41,40.0,8.84611111111,8.11055555556,56.0997328584,46.3593396808,9.74039317761,43.8934173574,33.659839715,10.2335776423,4.68525241455,4.68525241455,0.0,4.68525241455,0.0,4.68525241455,10.6034659908,10.6034659908,0.0,10.6034659908,0.0,0.246592232345,5.42502911158,0.986368929379,0.616480580862,0.0,-1.23609871154,-0.899289614674
595,MANSON,JOSH,D,42,71.0,22.2258333333,18.9611111111,57.2223849985,43.4046293583,13.8177556402,43.5628479344,32.3820685614,11.180779373,2.00410196308,2.00410196308,0.0,1.95136243774,0.0527395253443,2.21506006446,6.96161734544,6.96161734544,0.0,6.85613829476,0.105479050689,0.210958101377,3.84998535013,2.00410196308,0.685613829476,0.0,0.3649677971,-0.899289614674
606,SVEDBERG,VIKTOR,D,43,27.0,7.08888888889,6.47083333333,53.9343206697,59.4977462975,-5.56342562782,38.7894397939,45.7437218287,-6.95428203477,3.55441081777,3.55441081777,0.0,3.55441081777,0.0,3.55441081777,1.54539600773,1.54539600773,0.0,1.54539600773,0.0,0.309079201545,5.71796522859,1.54539600773,0.772698003863,0.0,-0.356654394687,-0.899289614674
617,ORPIK,BROOKS,D,44,41.0,13.5372222222,11.5244444444,60.7404550713,55.1002699576,5.64018511377,45.0347088315,39.7416120324,5.29309679907,7.72271500193,7.72271500193,0.0,7.72271500193,0.0,7.89625915927,9.71847281142,9.63170073274,0.0867720786734,9.54492865407,0.173544157347,0.26031623602,2.25607404551,1.64866949479,0.433860393367,0.0867720786734,-0.194187700674,0.378479618157
618,DE HAAN,CALVIN,D,44,72.0,24.7594444444,20.7436111111,55.9690399989,54.1371506622,1.83188933674,41.4103405332,37.2644857185,4.14585481474,6.89368881985,6.84548120573,0.0482076141248,6.7972735916,0.0964152282497,7.42397257522,5.20642232548,5.20642232548,0.0,5.15821471136,0.0482076141248,0.0964152282497,4.04943958649,2.45858832037,0.626698983623,0.0482076141248,1.07995184614,-0.189404510402
620,SEIDENBERG,DENNIS,D,44,61.0,19.7208333333,16.8275,51.998217204,58.3568563364,-6.35863913237,39.9346308127,43.5596493834,-3.62501857079,5.11068191948,5.11068191948,0.0,5.11068191948,0.0,5.34838805527,6.95290447185,6.8934779379,0.0594265339474,6.8934779379,0.0594265339474,0.0594265339474,3.387312435,1.129104145,0.713118407369,0.0594265339474,-1.01155203204,-0.0241994030212
621,GELINAS,ERIC,D,44,40.0,9.22305555556,8.1175,47.921157992,46.0732984293,1.84785956267,36.5876193409,34.3701878657,2.21743147521,2.83338466277,2.83338466277,0.0,2.83338466277,0.0,2.83338466277,7.39143825069,7.39143825069,0.0,7.39143825069,0.0,0.0,5.297197413,1.97105020018,0.862334462581,0.0,0.312971773708,-0.899289614674
622,GUDBRANSON,ERIK,D,44,64.0,21.4533333333,16.9452777778,47.3288198941,54.5874793043,-7.25865941019,37.0604724358,43.7880104257,-6.72753798993,2.65560710129,2.65560710129,0.0,2.65560710129,0.0,2.71462059243,7.55372686589,7.55372686589,0.0,7.49471337475,0.0590134911398,0.11802698228,3.77686343295,1.00322934938,0.590134911398,0.0,-1.20957441403,-0.899289614674
623,FALK,JUSTIN,D,44,24.0,5.69027777778,5.28638888889,52.9662130209,63.559455625,-10.5932426042,39.3463296726,42.5621354632,-3.21580579055,5.8641164416,5.8641164416,0.0,5.8641164416,0.0,5.8641164416,6.4316115811,6.4316115811,0.0,6.2424465346,0.189165046503,0.0,2.83747569755,1.51332037202,0.378330093006,0.0,-0.407114804604,-0.899289614674
624,VLASIC,MARC-EDOUARD,D,44,67.0,25.8283333333,19.7941666667,54.8141287416,49.105376163,5.70875257862,40.213867722,34.3030354061,5.91083231592,4.3952342862,4.3952342862,0.0,4.3952342862,0.0,5.10251336673,2.12183724161,2.12183724161,0.0,2.12183724161,0.0,0.303119605945,3.83951500863,1.01039868648,0.454679408917,0.0,-1.19829583197,-0.899289614674
625,BARTKOWSKI,MATT,D,44,80.0,24.8255555556,21.8858333333,50.0780565815,59.2163880745,-9.13833149297,36.5990176294,48.067623653,-11.4686060237,1.55351635381,1.55351635381,0.0,1.55351635381,0.0,1.73628298367,5.89422381297,5.89422381297,0.0,5.8485321555,0.0456916574649,0.228458287324,3.5182576248,1.73628298367,0.685374861973,0.0,-0.0563568372826,-0.899289614674
626,RIELLY,MORGAN,D,44,82.0,31.7436111111,24.06,59.1853699086,59.3100581879,-0.124688279302,43.7655860349,47.2152950956,-3.44970906068,3.65752285952,3.65752285952,0.0,3.65752285952,0.0,4.28096425603,1.99501246883,1.95344970906,0.0415627597672,1.91188694929,0.0831255195345,0.166251039069,4.5719035744,2.36907730673,0.997506234414,0.0415627597672,0.939135854781,-0.287253848398
632,WIDEMAN,CHRIS,D,45,64.0,14.8802777778,13.6088888889,52.6861528413,62.5326583932,-9.84650555193,38.0633572828,45.8523840627,-7.78902677988,4.84977139125,4.77629000653,0.0734813847159,4.70280862182,0.146962769432,5.0702155454,4.04147615937,4.04147615937,0.0,4.04147615937,0.0,0.367406923579,5.21717831483,1.91051600261,0.367406923579,0.0734813847159,0.217741223897,0.182766433899
633,MORROW,JOE,D,45,33.0,8.74555555556,7.76972222222,51.2244824997,57.273604805,-6.04912230524,38.9975331593,44.2744270852,-5.27689392585,4.11855135676,4.11855135676,0.0,4.11855135676,0.0,4.24725608666,3.34632297737,3.34632297737,0.0,3.34632297737,0.0,0.128704729899,4.50466554646,0.900933109292,1.02963783919,0.0,-1.37050373295,-0.899289614674
634,BARBERIO,MARK,D,45,30.0,7.49888888889,6.72111111111,58.6212597123,50.8844437097,7.73681600265,42.2549181683,36.0059513969,6.24896677137,2.6781286163,2.52934369317,0.148784923128,2.52934369317,0.148784923128,2.52934369317,1.78541907753,1.78541907753,0.0,1.78541907753,0.0,0.297569846256,4.31476277071,2.6781286163,1.19027938502,0.148784923128,1.42532593097,1.29165475347
635,VATANEN,SAMI,D,45,71.0,25.2702777778,18.1583333333,56.1174850849,54.9609912804,1.1564938045,41.4134924277,39.6512161542,1.76227627352,4.07526388251,3.96512161542,0.110142267095,3.96512161542,0.110142267095,4.2955484167,3.96512161542,3.96512161542,0.0,3.96512161542,0.0,0.275355667737,3.74483708123,2.25791647545,1.43184947223,0.110142267095,0.764261031865,0.722619209916
636,ELLIOTT,STEFAN,D,45,21.0,4.95833333333,4.44555555556,54.2114471382,58.4853786553,-4.27393151712,38.6903274181,44.9887528118,-6.29842539365,3.824043989,3.824043989,0.0,3.824043989,0.0,3.824043989,2.69932516871,2.69932516871,0.0,2.69932516871,0.0,0.449887528118,6.74831292177,1.12471882029,0.899775056236,0.0,-1.01845089086,-0.899289614674
646,GORMLEY,BRANDON,D,46,26.0,5.27555555556,5.10972222222,48.3392226148,56.7545528676,-8.41533025279,34.8355531394,39.1410709432,-4.30551780375,3.52269638489,3.32699103017,0.195705354716,3.32699103017,0.195705354716,3.32699103017,3.52269638489,3.52269638489,0.0,3.52269638489,0.0,0.0,2.15275890188,2.34846425659,0.97852677358,0.195705354716,0.906708034194,1.98258534764
647,FRANSON,CODY,D,46,59.0,16.5566666667,13.3572222222,50.1601297675,50.3847273635,-0.224597595974,37.9569937196,37.9569937196,0.0,3.44382980493,3.36896393961,0.0748658653246,3.36896393961,0.0748658653246,3.66842740091,4.2673543235,4.19248845818,0.0748658653246,4.19248845818,0.0748658653246,0.224597595974,4.34222018883,1.87164663312,0.748658653246,0.149731730649,0.156593119578,1.30559704388
649,SPURGEON,JARED,D,46,77.0,29.0661111111,22.7058333333,54.699599956,55.0519323228,-0.352332366866,41.4430946526,40.2099313686,1.23316328403,5.0647777737,5.0647777737,0.0,5.0647777737,0.0,5.63731786986,2.1139942012,2.1139942012,0.0,2.06995265534,0.0440415458583,0.26424927515,3.87565603553,0.74870627959,0.660623187874,0.0,-1.60998232967,-0.899289614674
650,WIERCIOCH,PATRICK,D,46,52.0,15.0183333333,13.5522222222,54.9725342297,58.1454456014,-3.17291137165,39.7720751004,44.3469705665,-4.5748954661,3.76322046405,3.6894318275,0.07378863655,3.6894318275,0.07378863655,3.91079773715,3.8370091006,3.8370091006,0.0,3.76322046405,0.07378863655,0.0,3.5418545544,2.43502500615,0.51652045585,0.07378863655,1.04288276027,0.187290895528
651,POLAK,ROMAN,D,46,79.0,25.2230555556,21.0252777778,53.6972691601,53.8875163494,-0.19024718923,38.049437846,39.4762917652,-1.42685391922,5.04155051459,4.99398871728,0.0475617973075,4.99398871728,0.0475617973075,5.13667410921,12.2709437053,12.2709437053,0.0,12.223381908,0.0475617973075,0.0475617973075,3.99519097383,1.61710110845,0.428056175767,0.0475617973075,-0.243850121394,-0.198914537958
661,MARCHENKO,ALEXEY,D,47,66.0,18.5141666667,15.7836111111,52.3327642949,50.1786311399,2.154133155,38.5843262174,39.8514633674,-1.26713715,3.86476830749,3.80141144999,0.0633568574999,3.80141144999,0.0633568574999,4.18155259499,2.2174900125,2.2174900125,0.0,2.2174900125,0.0,0.126713715,2.3442037275,1.52056458,0.380141144999,0.0633568574999,-0.395718437991,0.0336768929854
662,MACDONALD,ANDREW,D,47,28.0,9.38888888889,7.73888888889,56.0804020101,58.4063173008,-2.32591529074,40.4450825556,38.5068198134,1.93826274228,7.36539842067,7.23618090452,0.129217516152,7.23618090452,0.129217516152,8.52835606604,1.55061019383,1.55061019383,0.0,1.55061019383,0.0,0.129217516152,2.19669777459,2.19669777459,0.387652548457,0.129217516152,0.667953642399,1.00351332616
663,PROUT,DALTON,D,47,64.0,17.2508333333,15.6733333333,50.3402807316,51.9991492982,-1.65886856657,38.4091875798,38.4729902169,-0.0638026371757,3.82815823054,3.76435559336,0.0638026371757,3.76435559336,0.0638026371757,3.76435559336,7.46490854955,7.46490854955,0.0,7.46490854955,0.0,0.127605274351,4.08336877924,1.46746065504,0.382815823054,0.0638026371757,-0.479259909978,0.040241257503
664,WARSOFSKY,DAVID,D,47,22.0,6.27861111111,5.30361111111,57.885088776,51.6629131095,6.22217566647,44.686534332,40.538417221,4.14811711098,4.14811711098,3.95956633321,0.188550777772,3.95956633321,0.188550777772,3.95956633321,0.94275388886,0.94275388886,0.0,0.94275388886,0.0,0.0,6.22217566647,3.01681244435,0.377101555544,0.188550777772,1.95813297973,1.87723004864
665,LINDHOLM,HAMPUS,D,47,80.0,29.3358333333,22.6211111111,60.0766245886,44.7811778575,15.2954467312,44.9137973378,32.6243921607,12.2894051771,3.40389999509,3.40389999509,0.0,3.35969350165,0.0442064934427,3.71334544919,2.6965961,2.65238960656,0.0442064934427,2.60818311312,0.0884129868854,0.0884129868854,3.89017142296,2.34294415246,0.663097401641,0.0442064934427,0.898023975063,-0.248323335243
666,ODUYA,JOHNNY,D,47,82.0,27.8480555556,22.9272222222,56.5703070101,54.9565048826,1.6138021275,41.828006494,40.5195182825,1.30848821149,5.58288303569,5.58288303569,0.0,5.58288303569,0.0,5.80096440427,2.79144151785,2.74782524413,0.0436162737163,2.74782524413,0.0436162737163,0.130848821149,2.48612760183,1.30848821149,0.872325474327,0.0436162737163,-0.729350500276,-0.257014663358
667,JORDAN,MICHAL,D,47,36.0,9.09833333333,8.68833333333,52.5992710531,47.9953961251,4.60387492806,38.6725493957,36.8309994245,1.84154997123,3.56800306925,3.56800306925,0.0,3.56800306925,0.0,3.68309994245,2.64722808364,2.64722808364,0.0,2.64722808364,0.0,0.115096873202,3.91329368885,0.920774985613,0.460387492806,0.0,-1.33928909945,-0.899289614674
668,KRUG,TOREY,D,47,81.0,29.1786111111,22.3380555556,57.5251501548,54.794384272,2.73076588284,43.4684208563,41.095788204,2.3726326523,3.26796572864,3.22319907482,0.044766653817,3.22319907482,0.044766653817,3.62609895918,2.46216595993,2.46216595993,0.0,2.46216595993,0.0,0.134299961451,6.62546476491,1.88019946031,0.671499807255,0.044766653817,0.170048165967,-0.240074648538
669,BOGOSIAN,ZACH,D,47,64.0,23.8244444444,19.4322222222,49.8141689062,57.9964549145,-8.18228600835,38.5442278003,44.1534678941,-5.60924009377,4.2197952999,4.2197952999,0.0,4.2197952999,0.0,4.52856080965,3.91102979015,3.91102979015,0.0,3.91102979015,0.0,0.102921836583,4.42563897307,0.977757447538,0.668991937789,0.0,-1.24964603162,-0.899289614674
679,MILLER,COLIN,D,48,42.0,11.0638888889,9.75888888889,56.3588750996,51.6452237277,4.71365137197,44.2673346237,38.5289764317,5.73835819196,3.17659114198,3.07412045998,0.102470681999,3.07412045998,0.102470681999,3.38153250598,4.30376864397,4.30376864397,0.0,4.30376864397,0.0,0.307412045998,4.61118068997,1.63953091199,0.614824091996,0.102470681999,-0.208564239885,0.609650665746
691,EKBLAD,AARON,D,5,78.0,28.1877777778,21.9933333333,48.0600181873,46.8323734465,1.22764474083,38.2843285844,37.1021521673,1.1821764171,2.27341618672,2.27341618672,0.0,2.27341618672,0.0,2.45528948166,3.54652925129,3.54652925129,0.0,3.54652925129,0.0,0.40921491361,5.04698393453,1.63685965444,0.81842982722,0.0,-0.212766580631,-0.899289614674
692,LARSSON,ADAM,D,5,82.0,30.7413888889,24.4577777778,38.5562420498,47.9193167363,-9.36307468653,29.6838088315,34.6719970925,-4.98818826095,4.25222605851,4.25222605851,0.0,4.25222605851,0.0,4.57932037071,5.96947119753,5.96947119753,0.0,5.96947119753,0.0,0.0408867890242,2.33054697438,0.817735780483,0.776848991459,0.0,-1.50138722828,-0.899289614674
693,JACKMAN,BARRET,D,5,73.0,16.8597222222,15.6991666667,57.4552789426,45.9897022135,11.4655767291,42.4863315463,31.2118477626,11.2744837836,4.77732363714,4.71362598864,0.0636976484951,4.71362598864,0.0636976484951,4.84102128563,6.05127660704,6.05127660704,0.0,6.05127660704,0.0,0.0636976484951,4.01295185519,2.03832475184,0.509581187961,0.0636976484951,0.418806042597,0.0386952382325
695,FOLIN,CHRISTIAN,D,5,26.0,6.31805555556,5.37083333333,45.2443754849,59.9534522886,-14.7090768037,31.093871218,43.9410395656,-12.8471683476,4.84096198604,4.84096198604,0.0,4.84096198604,0.0,4.84096198604,6.7028704422,6.7028704422,0.0,6.51667959659,0.186190845617,0.0,2.2342901474,1.67571761055,0.744763382467,0.0,-0.151636431504,-0.899289614674
696,CECI,CODY,D,5,75.0,24.1233333333,19.4152777778,48.4669861936,60.6738679448,-12.2068817512,36.1055869519,45.2221188926,-9.11653194077,5.3051005079,5.25359467773,0.0515058301738,5.20208884756,0.103011660348,5.56262965877,3.1418556406,3.1418556406,0.0,3.1418556406,0.0,0.412046641391,4.79004220617,1.69969239574,0.618069962086,0.0515058301738,-0.113920032074,-0.140836364345
697,MURPHY,CONNOR,D,5,78.0,26.5780555556,21.335,51.9334426998,58.7766580736,-6.8432153738,38.6219826576,45.1839700023,-6.56198734474,4.92149050855,4.92149050855,0.0,4.92149050855,0.0,5.34333255214,6.93695805015,6.93695805015,0.0,6.93695805015,0.0,0.187485352707,3.84344973049,0.984298101711,0.749941410827,0.0,-1.23935647435,-0.899289614674
698,GIRARDI,DAN,D,5,74.0,25.0622222222,20.7563888889,46.7325990659,65.4738166294,-18.7412175635,35.3144279539,46.5398873172,-11.2254593632,7.13033470284,7.13033470284,0.0,7.13033470284,0.0,7.61211407465,7.37122438874,7.37122438874,0.0,7.37122438874,0.0,0.0481779371813,3.37245560269,2.40889685907,0.915380806445,0.0,1.0017787577,-0.899289614674
700,MCBAIN,JAMIE,D,5,44.0,8.97333333333,8.14,62.1621621622,48.0343980344,14.1277641278,45.3316953317,36.855036855,8.47665847666,4.29975429975,4.1769041769,0.12285012285,4.1769041769,0.12285012285,4.1769041769,2.2113022113,2.2113022113,0.0,2.2113022113,0.0,0.12285012285,2.7027027027,1.59705159705,0.2457002457,0.12285012285,-0.275391400058,0.909749763285
702,GARRISON,JASON,D,5,72.0,22.1563888889,18.1525,52.664922187,52.8301886792,-0.165266492219,39.1130698251,39.8292246247,-0.716154799614,4.51728412064,4.51728412064,0.0,4.51728412064,0.0,4.79272827434,3.58077399807,3.58077399807,0.0,3.58077399807,0.0,0.220355322958,4.02148464399,2.03828673736,0.661065968875,0.0,0.418746239378,-0.899289614674
703,HOLZER,KORBINIAN,D,5,29.0,7.13111111111,6.43472222222,55.7910641053,54.2369954673,1.55406863803,41.6490394992,39.7841571336,1.86488236564,4.66220591409,4.66220591409,0.0,4.66220591409,0.0,4.66220591409,8.08115691776,7.92575005396,0.155406863803,7.92575005396,0.155406863803,0.0,2.48650982085,1.24325491043,0.155406863803,0.155406863803,-0.831973536107,1.3891666742
704,SBISA,LUCA,D,5,41.0,11.8730555556,10.29,46.8415937804,58.6005830904,-11.75898931,34.9854227405,45.1895043732,-10.2040816327,4.85908649174,4.85908649174,0.0,4.85908649174,0.0,5.24781341108,6.7055393586,6.7055393586,0.0,6.7055393586,0.0,0.0971817298348,2.62390670554,0.874635568513,0.485908649174,0.0,-1.4118742205,-0.899289614674
705,FAYNE,MARK,D,5,69.0,19.22,16.8119444444,56.0315912959,57.6375923203,-1.6060010244,40.0905440907,42.1723972705,-2.08185317978,4.75852155379,4.75852155379,0.0,4.75852155379,0.0,4.99644763148,2.97407597112,2.97407597112,0.0,2.97407597112,0.0,0.118963038845,3.39044660707,1.66548254383,0.773259752491,0.0,-0.167737925711,-0.899289614674
706,GIORDANO,MARK,D,5,82.0,33.8558333333,24.6458333333,55.1411665258,54.5325443787,0.608622147084,39.5198647506,39.5604395604,-0.0405748098056,5.72104818259,5.72104818259,0.0,5.72104818259,0.0,6.16737109045,2.39391377853,2.39391377853,0.0,2.39391377853,0.0,0.405748098056,5.15300084531,1.90701606086,1.29839391378,0.0,0.212235222487,-0.899289614674
707,STUART,MARK,D,5,64.0,17.44,14.095,48.7406881873,55.0549840369,-6.31429584959,36.1120964881,38.5242993969,-2.41220290883,5.6757715502,5.60482440582,0.0709471443774,5.53387726144,0.141894288755,5.74671869457,9.36502305782,9.36502305782,0.0,9.36502305782,0.0,0.0,2.55409719759,2.27030862008,0.212841433132,0.0709471443774,0.783755975118,0.145448273697
708,GUENIN,NATE,D,5,29.0,6.3125,5.46638888889,42.8070532039,64.0276436811,-21.2205904772,32.5626302149,46.6487118248,-14.0860816098,5.6710198689,5.6710198689,0.0,5.6710198689,0.0,5.6710198689,2.74404187205,2.74404187205,0.0,2.56110574724,0.182936124803,0.0,1.82936124803,0.914680624015,0.182936124803,0.0,-1.34887656288,-0.899289614674
709,HANIFIN,NOAH,D,5,79.0,23.5736111111,19.6019444444,54.0252525968,54.3313446795,-0.306092082702,39.9960321397,42.342738107,-2.34670596738,3.72412033954,3.52005895107,0.204061388468,3.52005895107,0.204061388468,3.72412033954,3.21396686837,3.21396686837,0.0,3.16295152125,0.0510153471169,0.153046041351,3.97919707512,1.98959853756,1.58147576062,0.204061388468,0.342151451265,2.10563279561
728,CAMPBELL,BRIAN,D,51,82.0,30.4383333333,23.235,51.2158381752,46.0512158382,5.16462233699,40.4562083064,36.3675489563,4.08865935012,2.66838820745,2.66838820745,0.0,2.5823111685,0.0860770389499,2.9266193243,0.903808908974,0.903808908974,0.0,0.903808908974,0.0,0.129115558425,2.71142672692,1.42027114267,0.731654831074,0.0,-0.553497008813,-0.899289614674
729,POULIOT,DERRICK,D,51,22.0,5.66611111111,5.11972222222,65.4332374803,46.6822201725,18.7510173078,46.6822201725,33.2049264826,13.47729369,3.51581574521,3.51581574521,0.0,3.51581574521,0.0,3.51581574521,2.73452335739,2.73452335739,0.0,2.73452335739,0.0,0.0,4.10178503608,0.390646193912,1.17193858174,0.0,-2.17327151483,-0.899289614674
730,TYUTIN,FEDOR,D,51,61.0,17.8833333333,15.3597222222,50.5868523375,49.1545347681,1.4323175694,37.3053621485,36.3938873316,0.911474816891,3.51568857944,3.45058323537,0.0651053440637,3.45058323537,0.0651053440637,3.5807939235,7.22669319107,7.22669319107,0.0,7.22669319107,0.0,0.0651053440637,1.4323175694,0.520842752509,0.325526720318,0.0651053440637,-1.9684502674,0.0594243726976
731,GARDINER,JAKE,D,51,79.0,27.1508333333,22.2041666667,61.15969225,53.5034715707,7.6562206793,45.0816288234,42.0641771439,3.01745167949,2.65715894164,2.61212234941,0.0450365922312,2.61212234941,0.0450365922312,2.65715894164,3.6029273785,3.6029273785,0.0,3.6029273785,0.0,0.225182961156,3.91818352411,2.7472321261,1.35109776694,0.0450365922312,1.53403746092,-0.23609964868
736,GUSTAFSSON,ERIK,D,52,41.0,10.5519444444,9.15666666667,61.5944666909,53.5129231889,8.081543502,43.3563887878,40.735347652,2.62104113578,3.93156170368,3.93156170368,0.0,3.93156170368,0.0,3.93156170368,3.16709137241,3.16709137241,0.0,3.16709137241,0.0,0.0,5.46050236622,1.31052056789,0.76447033127,0.0,-0.72615325929,-0.899289614674
737,ERICSSON,JONATHAN,D,52,71.0,21.9325,18.1480555556,49.9227036873,51.4655687019,-1.54286501462,37.3042719606,42.0981739703,-4.7939020097,1.92858126827,1.87347894632,0.0551023219506,1.87347894632,0.0551023219506,1.87347894632,5.73064148286,5.73064148286,0.0,5.67553916091,0.0551023219506,0.165306965852,3.30613931704,2.64491145363,0.495920897556,0.0551023219506,1.37306970571,-0.0878759350371
738,MARINCIN,MARTIN,D,52,65.0,18.1663888889,15.1522222222,58.0772897265,50.4216469898,7.65564273667,40.4561120481,39.8621397668,0.593972281294,2.63987680575,2.57387988561,0.0659969201437,2.57387988561,0.0659969201437,2.70587372589,2.17789836474,2.17789836474,0.0,2.17789836474,0.0,0.0659969201437,3.29984600719,2.37588912517,1.18794456259,0.0659969201437,0.949851999396,0.0725533480692
752,GOSTISBEHERE,SHAYNE,D,53,64.0,21.4277777778,15.8616666667,57.244930125,57.0557948933,0.189135231691,40.790164968,40.2858043501,0.504360617842,3.02616370705,2.90007355259,0.12609015446,2.83702847536,0.189135231691,3.3413890932,1.63917200799,1.57612693076,0.0630450772302,1.51308185353,0.12609015446,0.441315540612,4.22402017442,2.64789324367,1.51308185353,0.189135231691,1.37776056669,1.88583647189
758,MCQUAID,ADAM,D,54,64.0,19.2427777778,16.1386111111,53.4122790409,55.9527702714,-2.54049123049,39.4705588736,40.585896487,-1.11533761338,5.51472486618,5.45276166543,0.0619632007436,5.45276166543,0.0619632007436,5.57668806692,7.80736329369,7.80736329369,0.0,7.80736329369,0.0,0.0619632007436,2.54049123049,1.67300642008,0.433742405205,0.0619632007436,-0.15590159351,0.01315448818
759,PESCE,BRETT,D,54,69.0,21.5769444444,18.4008333333,51.4650604592,50.3781531634,1.08690729587,37.6613378017,39.5090802047,-1.84774240297,3.58679407636,3.58679407636,0.0,3.58679407636,0.0,3.69548480594,1.52167021421,1.52167021421,0.0,1.52167021421,0.0,0.16303609438,3.69548480594,1.03256193107,2.06512386214,0.0,-1.16342929285,-0.899289614674
767,BIEGA,ALEX,D,55,51.0,14.2477777778,12.8475,51.4496983849,57.9100992411,-6.4604008562,37.2056820393,47.6357267951,-10.4300447558,2.72426542129,2.72426542129,0.0,2.72426542129,0.0,2.80210157618,8.9511578128,8.9511578128,0.0,8.9511578128,0.0,0.0,4.74800544853,1.40105078809,0.622689239152,0.0,-0.583733883304,-0.899289614674
768,COBURN,BRAYDON,D,55,80.0,22.3363888889,18.7013888889,52.6698848867,50.6914222057,1.97846268102,39.034533977,39.3018937987,-0.26735982176,3.20831786112,3.20831786112,0.0,3.20831786112,0.0,3.31526178983,5.3471964352,5.3471964352,0.0,5.29372447085,0.053471964352,0.053471964352,4.70553286298,1.3367991088,0.695135536576,0.0,-0.684812661755,-0.899289614674
770,PARAYKO,COLTON,D,55,79.0,25.5161111111,21.0019444444,59.2326107371,48.0907852448,11.1418254923,43.8530823866,35.0443741982,8.8087081884,4.95192244104,4.90430780219,0.0476146388562,4.90430780219,0.0476146388562,5.28522491304,4.47577605248,4.47577605248,0.0,4.47577605248,0.0,0.238073194281,5.80898594046,0.714219582843,1.38082452683,0.0476146388562,-1.66423574715,-0.198136415477
773,BOYCHUK,JOHNNY,D,55,70.0,24.9275,20.2475,54.3770835906,57.4391900235,-3.06210643289,39.7086060007,40.646993456,-0.938387455241,5.38338066428,5.28460303741,0.0987776268675,5.18582541054,0.197555253735,5.43276947771,6.22299049265,6.12421286579,0.0987776268675,6.12421286579,0.0987776268675,0.39511050747,5.92665761205,2.07433016422,0.938387455241,0.197555253735,0.475448657086,2.00982618463
774,SCHULTZ,NICK,D,55,81.0,24.2216666667,19.3066666667,51.2776243094,58.1664364641,-6.8888121547,36.1533149171,40.6595303867,-4.50621546961,6.68162983425,6.68162983425,0.0,6.62983425414,0.0517955801105,6.8888121547,4.19544198895,4.14364640884,0.0517955801105,4.14364640884,0.0517955801105,0.0517955801105,3.05593922652,1.45027624309,0.155386740331,0.0517955801105,-0.506293901729,-0.136569628318
775,KRONWALL,NIKLAS,D,55,64.0,23.4741666667,16.6741666667,52.1165475536,52.8961967115,-0.779649157879,39.3422959668,41.9811085012,-2.63881253436,3.77829976511,3.77829976511,0.0,3.77829976511,0.0,4.01819181368,4.61792193513,4.61792193513,0.0,4.61792193513,0.0,0.119946024289,1.79919036434,1.0795142186,0.359838072867,0.0,-1.08956538888,-0.899289614674
776,RISTOLAINEN,RASMUS,D,55,82.0,34.5502777778,24.8616666667,49.0715291278,59.2478380371,-10.1763089093,36.2807535027,44.7274921231,-8.44673862037,3.90158879131,3.90158879131,0.0,3.90158879131,0.0,4.38425956962,4.70604008849,4.70604008849,0.0,4.70604008849,0.0,0.160890259436,4.70604008849,1.32734464034,0.563115908024,0.0,-0.699686142622,-0.899289614674
795,VAN RIEMSDYK,TREVOR,D,57,82.0,27.3105555556,23.2269444444,53.9029144791,54.5487161702,-0.645801691044,38.5328342323,38.7481014626,-0.215267230348,5.89832211153,5.76916177332,0.129160338209,5.76916177332,0.129160338209,5.9413755576,1.63603095064,1.63603095064,0.0,1.63603095064,0.0,0.0861068921392,2.79847399452,1.50687061244,0.602748244974,0.129160338209,-0.417261369297,1.00267134775
796,MYERS,TYLER,D,57,73.0,27.505,20.7675,55.23052847,50.9449861563,4.28554231371,40.3033586132,38.6180329842,1.68532562899,3.4188034188,3.4188034188,0.0,3.4188034188,0.0,3.7558685446,2.2149993981,2.2149993981,0.0,2.16684723727,0.0481521608282,0.385217286626,3.85217286626,1.63717346816,1.49271698567,0.0,-0.212272898479,-0.899289614674
801,SAVARD,DAVID,D,58,65.0,25.1036111111,18.7438888889,51.9636029521,57.7788316192,-5.81522866712,39.0527282966,42.3604730431,-3.30774474644,4.32140845905,4.32140845905,0.0,4.32140845905,0.0,4.4814606242,5.65517650197,5.65517650197,0.0,5.65517650197,0.0,0.16005216515,4.42810990249,0.586857938884,0.533507217167,0.0,-1.8645971935,-0.899289614674
802,LETANG,KRIS,D,58,71.0,31.8883333333,22.5175,63.2841123571,52.5369157322,10.7471966248,45.7866104141,38.0592872211,7.72732319307,4.57422005107,4.52981014766,0.0444099034085,4.52981014766,0.0444099034085,4.84067947152,5.01831908516,5.01831908516,0.0,5.01831908516,0.0,0.355279227268,5.90651715333,2.26490507383,1.5543466193,0.0444099034085,0.775255281285,-0.245328005411
807,JOSI,ROMAN,D,59,81.0,34.4036111111,24.7436111111,58.2776698811,57.5502093694,0.727460511692,44.1730188489,40.656959709,3.51605913985,5.2942959462,5.2942959462,0.0,5.2942959462,0.0,5.98134198502,2.10155258933,2.10155258933,0.0,2.10155258933,0.0,0.202072364359,4.97098016323,1.25284865903,0.606217093077,0.0,-0.816880943976,-0.899289614674
810,PETROVIC,ALEX,D,6,66.0,18.6511111111,16.0536111111,48.8363642656,52.0132195941,-3.1768553285,37.9976813801,39.368089561,-1.37040818092,3.98664198086,3.98664198086,0.0,3.98664198086,0.0,3.98664198086,9.09452701884,9.09452701884,0.0,9.09452701884,0.0,0.124582561902,3.11456404755,1.24582561902,0.498330247608,0.0,-0.827929375902,-0.899289614674
811,GREENE,ANDY,D,6,82.0,31.3272222222,24.3177777778,37.9146486338,49.2232477383,-11.3085991045,29.2789911359,35.2828292059,-6.00383807,4.35895092753,4.35895092753,0.0,4.31782874897,0.0411221785616,4.72905053459,2.30284199945,2.30284199945,0.0,2.30284199945,0.0,0.0411221785616,2.09723110664,1.02805446404,0.781321392671,0.0,-1.17052030224,-0.899289614674
812,STRALMAN,ANTON,D,6,73.0,26.8325,19.3041666667,57.7077487589,47.347291172,10.3604575869,43.6693287287,35.1737535074,8.49557522124,2.90092812433,2.90092812433,0.0,2.90092812433,0.0,3.10813727606,4.04057845888,3.98877617095,0.0518022879344,3.93697388301,0.103604575869,0.362616015541,4.66220591409,1.08784804662,1.13965033456,0.0518022879344,-1.07645486531,-0.136470851717
813,WIDEMAN,DENNIS,D,6,51.0,17.5188888889,13.0875,50.3533906399,62.4259789876,-12.0725883477,36.9818529131,43.2473734479,-6.26552053486,5.1193887297,5.04297994269,0.0764087870105,4.96657115568,0.152817574021,5.1193887297,2.44508118434,2.44508118434,0.0,2.36867239733,0.0764087870105,0.0,3.43839541547,2.36867239733,0.840496657116,0.0764087870105,0.938498863675,0.225874132152
814,MCILRATH,DYLAN,D,6,34.0,8.00361111111,7.3775,53.8122670281,51.6435106743,2.16875635378,38.7665198238,39.1731616401,-0.406641816333,4.06641816333,4.06641816333,0.0,4.06641816333,0.0,4.33751270756,12.3348017621,12.19925449,0.135547272111,12.19925449,0.135547272111,0.271094544222,3.38868180278,1.62656726533,1.219925449,0.135547272111,-0.228958252659,1.09672265731
815,JOHNSON,ERIK,D,6,73.0,28.5088888889,20.6438888889,50.7171882989,64.0383218063,-13.3211335074,38.9945908125,43.4026749913,-4.4080841788,6.92698942383,6.83010845286,0.0968809709626,6.83010845286,0.0968809709626,7.36295379316,4.89248903361,4.89248903361,0.0,4.89248903361,0.0,0.290642912888,6.15194165613,1.59853602088,1.16257165155,0.0968809709626,-0.273056149847,0.527338925699
816,PATERYN,GREG,D,6,38.0,10.5988888889,9.4,51.2765957447,51.4893617021,-0.212765957447,37.1276595745,36.3829787234,0.744680851064,4.25531914894,4.04255319149,0.212765957447,3.93617021277,0.31914893617,4.14893617021,10.1063829787,10.0,0.106382978723,10.0,0.106382978723,0.0,3.29787234043,2.97872340426,1.17021276596,0.31914893617,1.89821246578,3.80036374807
817,MUZZIN,JAKE,D,6,82.0,31.5166666667,23.5844444444,66.0604918496,48.9729576934,17.0875341562,49.1849618393,36.5495147461,12.6354470932,3.85847545463,3.85847545463,0.0,3.85847545463,0.0,4.45208706304,6.78413266748,6.74173183831,0.0424008291718,6.74173183831,0.0424008291718,0.296805804202,6.36012437577,2.33204560445,0.381607462546,0.0424008291718,0.880878712363,-0.274912789887
818,EDMUNDSON,JOEL,D,6,67.0,16.6661111111,15.1530555556,58.2720756723,50.6828472439,7.58922842844,43.4895785595,38.408095177,5.08148338252,3.36565782479,3.36565782479,0.0,3.36565782479,0.0,3.36565782479,10.2949533464,10.2949533464,0.0,10.2949533464,0.0,0.0659932906821,5.87340287071,1.05589265091,0.461953034775,0.0,-1.12672611734,-0.899289614674
819,SCANDELLA,MARCO,D,6,73.0,25.1722222222,20.9141666667,49.6314300514,55.799497948,-6.16806789656,36.6737060206,40.7379368052,-4.06423078456,3.96860182492,3.9207873451,0.0478144798183,3.9207873451,0.0478144798183,4.06423078456,2.62979639001,2.62979639001,0.0,2.62979639001,0.0,0.143443439455,4.87707694147,1.62569231382,0.860660636729,0.0478144798183,-0.23033469964,-0.195193641294
820,WEBER,MIKE,D,6,45.0,11.6102777778,10.3869444444,49.6777471719,50.0628459872,-0.385098815286,38.4136068248,38.2210574172,0.192549407643,5.10255930254,5.00628459872,0.0962747038216,4.9100098949,0.192549407643,5.00628459872,10.0125691974,10.0125691974,0.0,9.91629449362,0.0962747038216,0.0962747038216,3.65843874522,1.73294466879,0.192549407643,0.0962747038216,-0.0616085722345,0.518411290087
822,WEBER,SHEA,D,6,78.0,32.9805555556,23.6413888889,58.7951920478,55.7073869978,3.08780504999,44.5405303787,39.1685955657,5.371934813,4.82205172191,4.82205172191,0.0,4.82205172191,0.0,5.49883091095,6.17561009999,6.17561009999,0.0,6.13331140067,0.042298699315,0.16919479726,4.61055822533,1.26896097945,0.33838959452,0.0,-0.791533533846,-0.899289614674
823,DALEY,TREVOR,D,6,82.0,25.2030555556,20.7186111111,59.9461032083,50.7756043278,9.1704988805,43.3909394398,38.1299690295,5.26097041039,3.08901014922,3.08901014922,0.0,3.08901014922,0.0,3.28207328355,1.78583399252,1.78583399252,0.0,1.78583399252,0.0,0.241328917908,4.9713757089,1.15837880596,0.675720970142,0.0,-0.965498030003,-0.899289614674
824,WEBER,YANNICK,D,6,45.0,14.1222222222,11.3427777778,49.2824606945,52.7207719058,-3.43831121125,36.7634814125,41.2597345349,-4.4962531224,2.90934025567,2.90934025567,0.0,2.90934025567,0.0,2.90934025567,3.79095851496,3.79095851496,0.0,3.79095851496,0.0,0.0,3.17382573346,1.05794191115,0.881618259294,0.0,-1.12350228375,-0.899289614674
830,BRAUN,JUSTIN,D,61,80.0,27.4125,22.8313888889,52.4278223206,48.7048775443,3.72294477632,38.6748263234,33.5503023372,5.12452398623,4.86172788437,4.81792853406,0.0437993503096,4.77412918375,0.0875987006193,5.16832333654,3.28495127322,3.24115192291,0.0437993503096,3.24115192291,0.0437993503096,0.0875987006193,4.37993503096,1.57677661115,1.27018115898,0.0875987006193,-0.307287388318,0.390652106195
835,SUSTR,ANDREJ,D,62,77.0,21.6066666667,18.6630555556,52.6173218033,52.4029946269,0.214327176388,39.0075461027,40.4542545433,-1.44670844062,2.94699867534,2.89341688124,0.0535817940971,2.89341688124,0.0535817940971,3.00058046944,1.33954485243,1.33954485243,0.0,1.33954485243,0.0,0.214327176388,3.00058046944,1.50029023472,0.696563323262,0.0535817940971,-0.427613418438,-0.110266590403
836,GRYBA,ERIC,D,62,53.0,15.7961111111,13.5066666667,55.0839091807,56.3425468904,-1.25863770977,39.3139190523,41.9052319842,-2.59131293189,4.51628825271,4.44225074038,0.0740375123396,4.2941757157,0.222112537019,4.66436327739,8.73642645607,8.73642645607,0.0,8.66238894373,0.0740375123396,0.0740375123396,4.14610069102,2.51727541955,0.814412635735,0.0740375123396,1.17227659721,0.190955736011
837,TROTMAN,ZACH,D,62,38.0,11.7508333333,10.1180555556,55.3466026081,59.4975978037,-4.15099519561,42.6959505834,46.5504461222,-3.85449553878,4.05216197666,4.05216197666,0.0,4.05216197666,0.0,4.05216197666,6.32532601235,6.32532601235,0.0,6.32532601235,0.0,0.197666437886,5.53466026081,1.48249828415,0.197666437886,0.0,-0.455603171391,-0.899289614674
851,DEKEYSER,DANNY,D,65,78.0,28.3402777778,22.7294444444,48.7913377166,51.2990980862,-2.50776036956,37.3524307677,40.7841028524,-3.43167208467,2.94771832914,2.90372253318,0.0439957959573,2.90372253318,0.0439957959573,3.2996846968,2.81573094127,2.81573094127,0.0,2.81573094127,0.0,0.263974775744,2.55175616552,1.36386967468,0.659936939359,0.0439957959573,-0.642226074745,-0.251425978034
852,KARLSSON,ERIK,D,65,82.0,39.5641666667,28.9327777778,57.9619424336,54.6093434974,3.35259893623,41.5445765088,40.9224447474,0.622131761363,5.11530559343,5.08074271779,0.0345628756313,5.08074271779,0.0345628756313,5.63374872789,2.48852704545,2.48852704545,0.0,2.48852704545,0.0,0.449317383206,5.32268284721,2.48852704545,1.62445515467,0.0345628756313,1.12705053357,-0.39033120599
853,HAINSEY,RON,D,65,81.0,30.1155555556,24.6197222222,55.4027371913,51.99083842,3.41189877131,41.3895815234,39.2774537126,2.11212781081,4.10240209408,3.98054856653,0.121853527547,3.98054856653,0.121853527547,4.26487346414,3.24942740125,3.24942740125,0.0,3.20880955873,0.0406178425156,0.121853527547,4.46796267672,1.74656722817,0.934210377859,0.121853527547,-0.0401779780935,0.895074318883
872,CHIAROT,BEN,D,7,70.0,16.8675,15.6905555556,53.7265871189,55.3199022767,-1.59331515774,40.151541975,40.2790071876,-0.127465212619,5.41727153631,5.35353893,0.0637326063095,5.35353893,0.0637326063095,5.48100414262,7.90284318238,7.83911057607,0.0637326063095,7.77537796976,0.127465212619,0.0637326063095,4.6524802606,2.0394434019,0.892256488333,0.127465212619,0.420565868688,0.977709639361
873,SEABROOK,BRENT,D,7,81.0,30.7977777778,22.9941666667,54.666038488,60.711049904,-6.04501141594,39.7492117566,44.6635016127,-4.91428985612,5.52313992679,5.34918276374,0.173957163049,5.34918276374,0.173957163049,5.78407567137,4.65335411155,4.65335411155,0.0,4.60986482079,0.0434892907621,0.260935744573,4.17497191317,3.08773964411,0.652339361432,0.173957163049,2.069713483,1.66233059971
875,KULIKOV,DMITRY,D,7,74.0,25.9425,20.1866666667,45.5746367239,51.321003963,-5.7463672391,35.1221928666,39.1842800528,-4.06208718626,4.65653896962,4.55746367239,0.0990752972259,4.55746367239,0.0990752972259,4.90422721268,5.44914134742,5.3500660502,0.0990752972259,5.3500660502,0.0990752972259,0.0495376486129,3.76486129458,1.83289299868,1.18890356671,0.198150594452,0.0956270861194,2.0185929223
876,JOHNSON,JACK,D,7,60.0,24.1752777778,17.7080555556,51.2760984486,59.2385762914,-7.96247784279,38.4006023624,43.8218638724,-5.42126150998,3.61417433999,3.55770286593,0.0564714740623,3.55770286593,0.0564714740623,4.12241760655,4.51771792499,4.51771792499,0.0,4.51771792499,0.0,0.169414422187,3.4447599178,1.07295800718,0.395300318436,0.0564714740623,-1.09987942034,-0.0677143753492
877,MERRILL,JON,D,7,47.0,13.2341666667,11.7166666667,42.5035561878,49.4167852063,-6.91322901849,32.347083926,37.0412517781,-4.69416785206,3.92603129445,3.92603129445,0.0,3.92603129445,0.0,3.92603129445,3.84068278805,3.84068278805,0.0,3.66998577525,0.170697012802,0.0853485064011,2.21906116643,1.28022759602,0.597439544808,0.0,-0.773809236949,-0.899289614674
878,MARTIN,PAUL,D,7,78.0,26.9502777778,22.7580555556,56.9468686302,53.3876893408,3.55917928938,42.4904490473,38.0085195718,4.48192947552,4.2182865652,4.2182865652,0.0,4.2182865652,0.0,4.43798899047,2.15308376765,2.1091432826,0.0439404850541,2.1091432826,0.0439404850541,0.0439404850541,1.75761940217,1.93338134238,1.14245261141,0.0439404850541,0.253712277701,-0.252240463193
879,MURPHY,RYAN,D,7,35.0,10.0633333333,8.68138888889,53.7932358494,49.7616228842,4.03161296516,39.7401849422,37.7819729306,1.95821201165,2.41896777909,2.41896777909,0.0,2.41896777909,0.0,2.41896777909,2.76453460468,2.76453460468,0.0,2.76453460468,0.0,0.0,4.03161296516,1.84302306979,1.26707836048,0.0,0.111563404428,-0.899289614674
880,BRODIE,TJ,D,7,70.0,29.4461111111,22.2216666667,54.1813545339,55.3063826596,-1.1250281257,39.1059776494,40.4560114003,-1.35003375084,3.64509112728,3.60009000225,0.0450011250281,3.60009000225,0.0450011250281,3.96009900248,0.675016875422,0.675016875422,0.0,0.675016875422,0.0,0.135003375084,2.52006300158,2.92507312683,1.35003375084,0.0450011250281,1.81381148878,-0.236621923835
903,EMELIN,ALEXEI,D,74,72.0,24.5958333333,20.7913888889,55.599941215,51.7040975831,3.89584363185,40.8823097169,37.9003059493,2.98200376759,4.28061831153,4.23252147657,0.0480968349611,4.23252147657,0.0480968349611,4.61729615626,11.2065625459,11.2065625459,0.0,11.158465711,0.0480968349611,0.0,2.93390693262,3.03010060255,0.577162019533,0.0480968349611,1.97903750414,-0.1910357979
904,DEMELO,DYLAN,D,74,45.0,10.2136111111,9.18222222222,51.839303001,46.7207163601,5.11858664085,38.9883833495,32.8896418199,6.09874152953,3.81171345595,3.81171345595,0.0,3.81171345595,0.0,3.81171345595,4.02952565344,4.02952565344,0.0,4.02952565344,0.0,0.0,3.59390125847,2.06921587609,0.762342691191,0.0,0.467403015285,-0.899289614674
905,SLAVIN,JACCOB,D,74,63.0,22.0163888889,17.9336111111,55.5381732005,53.6422917861,1.89588141448,41.9324359908,39.5904648317,2.34197115906,4.90698719041,4.90698719041,0.0,4.85122597234,0.0557612180728,5.29731571692,1.8401201964,1.8401201964,0.0,1.8401201964,0.0,0.111522436146,3.84752404703,1.2267467976,2.34197115906,0.0,-0.857943594744,-0.899289614674
906,CARLSON,JOHN,D,74,56.0,22.1213888889,15.9277777778,57.8862922916,56.7561911406,1.13010115103,42.7554935473,40.7464248343,2.00906871294,5.21102197419,5.14823857691,0.0627833972794,5.02267178235,0.188350191838,5.7760725497,2.63690268573,2.63690268573,0.0,2.63690268573,0.0,0.313916986397,4.95988838507,2.32298569934,1.19288454831,0.0627833972794,0.866625946498,0.0252323583242
907,BOROWIECKI,MARK,D,74,63.0,15.3583333333,12.5172222222,49.5317562469,60.4766765789,-10.944920332,36.3499178909,45.5372597754,-9.18734188451,4.55372597754,4.55372597754,0.0,4.55372597754,0.0,4.87328569526,19.6529226399,19.6529226399,0.0,19.6529226399,0.0,0.0,1.99724823576,1.43801872975,0.0798899294306,0.0,-0.525577047156,-0.899289614674
914,SUBBAN,P.K.,D,76,68.0,29.86,20.5777777778,60.5507559395,54.7678185745,5.78293736501,44.0280777538,41.4524838013,2.57559395248,3.06155507559,3.06155507559,0.0,3.06155507559,0.0,3.35313174946,4.4222462203,4.37365010799,0.048596112311,4.32505399568,0.097192224622,0.194384449244,4.66522678186,3.83909287257,0.777537796976,0.048596112311,3.25171942209,-0.183683649073
918,KLEFBOM,OSCAR,D,77,30.0,10.9380555556,8.22611111111,53.6097791585,52.1510096576,1.45876950091,39.99459715,37.5633146485,2.43128250152,4.61943675289,4.61943675289,0.0,4.61943675289,0.0,5.34882150334,2.43128250152,2.43128250152,0.0,2.43128250152,0.0,0.486256500304,3.76848787736,2.79597487675,0.850948875532,0.0,1.61071806675,-0.899289614674
919,GILBERT,TOM,D,77,45.0,12.6452777778,10.8761111111,52.5923277315,54.3392756806,-1.74694794912,39.2603565408,38.8006333963,0.459723144506,6.16029013638,5.88445624968,0.275833886704,5.79251162078,0.367778515605,6.34417939419,2.57444960924,2.57444960924,0.0,2.57444960924,0.0,0.0919446289013,2.85028349594,3.40195126935,0.183889257803,0.275833886704,2.56402161011,3.1625244987
920,HEDMAN,VICTOR,D,77,78.0,29.9861111111,22.0619444444,63.1857270564,48.1825163995,15.0032106569,46.369439583,36.4428440124,9.92659557055,4.35138435969,4.35138435969,0.0,4.35138435969,0.0,5.12194200672,2.58363446357,2.58363446357,0.0,2.58363446357,0.0,0.317288442894,5.57521121086,1.76774989613,1.76774989613,0.0,-0.00685405216844,-0.899289614674
923,MARKOV,ANDREI,D,79,82.0,32.5522222222,23.1755555556,57.5174992809,55.8778406367,1.63965864417,41.9407421613,42.0701888963,-0.129446735066,4.9189759325,4.9189759325,0.0,4.87582702081,0.0431489116886,5.22101831432,1.8985521143,1.81225429092,0.0862978233771,1.81225429092,0.0862978233771,0.0431489116886,3.10672164158,2.89097708313,1.16502061559,0.0862978233771,1.76017263475,0.371495933598
928,DUMOULIN,BRIAN,D,8,79.0,24.8697222222,21.4708333333,55.8897729478,49.5090238696,6.38074907821,42.5693770619,37.8187463613,4.75063070056,2.60818940423,2.56161459344,0.0465748107898,2.56161459344,0.0465748107898,2.65476421502,3.39996118766,3.39996118766,0.0,3.39996118766,0.0,0.0,4.14515816029,1.49039394527,1.25751989133,0.0465748107898,-0.443181958579,-0.213448487412
929,TANEV,CHRISTOPHER,D,8,69.0,25.0166666667,19.2688888889,49.6655518395,50.8591857917,-1.19363395225,37.6773151886,35.134355899,2.54295928959,6.4352439165,6.4352439165,0.0,6.4352439165,0.0,6.6947295583,0.830354053742,0.830354053742,0.0,0.830354053742,0.0,0.0518971283589,1.60881097913,1.60881097913,0.570868411948,0.0,-0.256891899523,-0.899289614674
930,SCHLEMKO,DAVID,D,8,67.0,20.8030555556,15.9394444444,44.7317974278,46.4884458541,-1.75664842634,34.0664319822,35.3211808581,-1.25474887595,3.76424662786,3.76424662786,0.0,3.76424662786,0.0,4.26614617824,2.50949775191,2.50949775191,0.0,2.50949775191,0.0,0.313687218989,4.20340873445,1.38022376355,0.627374437977,0.0,-0.616498321879,-0.899289614674
931,DOUGHTY,DREW,D,8,82.0,38.2911111111,28.2488888889,63.082127124,43.895531781,19.186595343,47.8956891126,33.9128382631,13.9828508496,2.6549716803,2.6195720579,0.035399622404,2.6195720579,0.035399622404,2.86736941473,3.75235997483,3.71696035242,0.035399622404,3.71696035242,0.035399622404,0.141598489616,4.4249528005,2.15937696665,0.318596601636,0.0707992448081,0.609241687798,0.143270366677
932,REINHART,GRIFFIN,D,8,29.0,8.73611111111,7.58833333333,51.6582473095,59.5651218976,-7.90687458818,38.0847792664,43.8831539644,-5.798374698,5.13946848232,5.00768723918,0.131781243136,5.00768723918,0.131781243136,5.13946848232,7.2479683725,7.2479683725,0.0,7.2479683725,0.0,0.0,2.899187349,2.76740610586,0.658906215682,0.131781243136,1.56577454941,1.04126569434
933,TROUBA,JACOB,D,8,81.0,29.7847222222,23.2422222222,56.5780667368,52.6627784683,3.91528826848,41.5192657042,37.6900277273,3.82923797686,5.55024380916,5.55024380916,0.0,5.55024380916,0.0,6.02352041304,5.37814322593,5.33511808012,0.0430251458074,5.29209293431,0.0860502916149,0.215125729037,4.25948943494,2.23730758199,0.860502916149,0.0430251458074,0.731839750441,-0.265719364988
934,KLEIN,KEVIN,D,8,69.0,23.4422222222,19.5747222222,51.4949836098,55.019937845,-3.5249542352,38.4168925343,39.3364458131,-0.919553278747,6.23252777817,6.18144148491,0.0510862932637,6.18144148491,0.0510862932637,6.69230441755,5.26188820616,5.26188820616,0.0,5.26188820616,0.0,0.357604052846,2.70757354298,1.99236543728,0.715208105692,0.0510862932637,0.34650425336,-0.147014288904
935,GRANBERG,PETTER,D,8,27.0,6.17388888889,5.87055555556,42.9260906596,51.9541970285,-9.02810636888,32.0242263651,37.8158417716,-5.79161540645,3.91785748084,3.91785748084,0.0,3.91785748084,0.0,3.91785748084,7.66537333207,7.49503170247,0.170341629602,7.49503170247,0.170341629602,0.0,1.87375792562,1.19239140721,0.0,0.170341629602,-0.911990445072,1.60908977076
939,TENNYSON,MATT,D,80,29.0,5.08,4.36833333333,50.8202975963,57.2300648607,-6.4097672644,38.229683327,39.6032048836,-1.37352155666,4.12056466997,4.12056466997,0.0,4.12056466997,0.0,4.12056466997,5.03624570775,5.03624570775,0.0,5.03624570775,0.0,0.0,3.89164441053,3.2048836322,0.228920259443,0.0,2.25400082536,-0.899289614674
943,MEDVEDEV,EVGENY,D,82,45.0,14.1213888889,11.5991666667,59.0559666643,51.9864932826,7.06947338171,42.6754795603,39.3993821395,3.27609742079,2.32775343056,2.15532725052,0.172426180042,2.15532725052,0.172426180042,2.24154034054,2.93124506071,2.93124506071,0.0,2.93124506071,0.0,0.0862130900208,4.05201523098,2.15532725052,0.862130900208,0.172426180042,0.602870798142,1.63978598615
954,MILLER,KEVAN,D,86,71.0,22.5488888889,18.9336111111,53.8724490544,54.2949780666,-0.422529012192,40.0346239052,40.5099690439,-0.475345138716,4.43655462801,4.38373850149,0.052816126524,4.38373850149,0.052816126524,4.43655462801,7.76397059902,7.76397059902,0.0,7.7111544725,0.052816126524,0.26408063262,2.95770308534,1.47885154267,0.52816126524,0.052816126524,-0.461340113641,-0.121541489915
961,DAVIDSON,BRANDON,D,88,51.0,16.3169444444,12.9761111111,55.9489660487,51.7104080147,4.23855803399,40.3818983602,37.7616988483,2.62019951192,5.00920494927,4.77801087468,0.231194074581,4.77801087468,0.231194074581,4.93214025774,5.16333433232,5.16333433232,0.0,5.08626964079,0.0770646915272,0.154129383054,3.93029926789,2.69726420345,1.15597037291,0.231194074581,1.45542945193,2.50517735016
962,BURNS,BRENT,D,88,82.0,35.3205555556,25.2505555556,61.4243911025,53.9790103628,7.4453807397,45.1475215067,38.692217993,6.45530351367,4.27713361642,4.19792743834,0.0792061780819,4.19792743834,0.0792061780819,4.47514906163,3.08904094519,3.08904094519,0.0,3.00983476711,0.0792061780819,0.633649424655,8.67307649997,3.12864403423,1.62372665068,0.0792061780819,2.13406301958,0.267067339666
963,SCHMIDT,NATE,D,88,72.0,21.6830555556,19.3075,56.4547455652,55.2117052959,1.24304026933,41.2792956105,39.9844619966,1.29483361388,4.71319435453,4.60960766541,0.10358668911,4.55781432086,0.155380033666,4.86857438819,3.41836074064,3.41836074064,0.0,3.41836074064,0.0,0.0517933445552,3.72912080798,1.91635374854,1.34662695844,0.10358668911,0.226924987405,0.62608451834
971,NESTEROV,NIKITA,D,89,57.0,14.145,12.2780555556,53.4286554603,53.265763218,0.162892242257,38.7683536572,43.0035519558,-4.23519829868,2.2804913916,2.2804913916,0.0,2.2804913916,0.0,2.44338363385,7.08581253818,7.00436641705,0.0814461211285,7.00436641705,0.0814461211285,0.0814461211285,3.66507545078,2.2804913916,0.488676726771,0.0814461211285,0.799775200106,0.300051801396
983,ORLOV,DMITRY,D,9,82.0,21.9025,20.2841666667,57.8283554497,50.482724621,7.34563082864,41.6088081837,38.1085411446,3.50026703915,3.00727168152,3.00727168152,0.0,3.00727168152,0.0,3.00727168152,5.66944661271,5.66944661271,0.0,5.62014707695,0.0492995357627,0.394396286102,3.64816564644,1.92268189475,1.57758514441,0.0,0.236880233634,-0.899289614674
1005,YANDLE,KEITH,D,93,82.0,27.2813888889,22.5369444444,54.5770524941,53.7339923336,0.843060160477,39.7569423046,40.7774888147,-1.02054651005,2.61792365622,2.61792365622,0.0,2.61792365622,0.0,2.79541000579,1.73049190835,1.68612032095,0.0443715873935,1.59737714617,0.133114762181,0.0887431747871,4.1265576276,2.48480889404,1.02054651005,0.0443715873935,1.12120125139,-0.245892230974
